DEBUG - 2026-07-25 10:50:31 --> Session: Class initialized using 'CodeIgniter\Session\Handlers\FileHandler' driver.
DEBUG - 2026-07-25 10:50:31 --> Session: Class initialized using 'CodeIgniter\Session\Handlers\FileHandler' driver.
DEBUG - 2026-07-25 10:52:36 --> Session: Class initialized using 'CodeIgniter\Session\Handlers\FileHandler' driver.
CRITICAL - 2026-07-25 16:12:06 --> ParseError: syntax error, unexpected variable "$model"
[Method: GET, Route: buku/create]
in APPPATH\Controllers\Buku.php on line 32.
 1 SYSTEMPATH\Autoloader\Autoloader.php(295): CodeIgniter\Autoloader\Autoloader->includeFile('D:\\code\\htdocs-xampp\\lat2\\app\\Controllers\\Buku.php')
 2 SYSTEMPATH\Autoloader\Autoloader.php(271): CodeIgniter\Autoloader\Autoloader->loadInNamespace('App\\Controllers\\Buku')
 3 [internal function]: CodeIgniter\Autoloader\Autoloader->loadClass('App\\Controllers\\Buku')
 4 SYSTEMPATH\Router\Router.php(792): class_exists('\\App\\Controllers\\Buku')
 5 SYSTEMPATH\Router\Router.php(230): CodeIgniter\Router\Router->processRouteAttributes()
 6 SYSTEMPATH\CodeIgniter.php(829): CodeIgniter\Router\Router->handle('buku/create')
 7 SYSTEMPATH\CodeIgniter.php(441): CodeIgniter\CodeIgniter->tryToRouteIt(Object(CodeIgniter\Router\RouteCollection))
 8 SYSTEMPATH\CodeIgniter.php(340): CodeIgniter\CodeIgniter->handleRequest(null, Object(Config\Cache), false)
 9 SYSTEMPATH\Boot.php(417): CodeIgniter\CodeIgniter->run()
10 SYSTEMPATH\Boot.php(68): CodeIgniter\Boot::runCodeIgniter(Object(CodeIgniter\CodeIgniter))
11 FCPATH\index.php(59): CodeIgniter\Boot::bootWeb(Object(Config\Paths))
CRITICAL - 2026-07-25 16:17:07 --> Error: Call to undefined function validation_show_error()
[Method: GET, Route: buku/create]
in APPPATH\Views\buku\create.php on line 13.
 1 SYSTEMPATH\View\View.php(240): include()
 2 SYSTEMPATH\View\View.php(243): CodeIgniter\View\View->CodeIgniter\View\{closure}()
 3 SYSTEMPATH\Common.php(1250): CodeIgniter\View\View->render('buku/create', [], true)
 4 APPPATH\Controllers\Buku.php(17): view('buku/create')
 5 SYSTEMPATH\CodeIgniter.php(951): App\Controllers\Buku->create()
 6 SYSTEMPATH\CodeIgniter.php(497): CodeIgniter\CodeIgniter->runController(Object(App\Controllers\Buku))
 7 SYSTEMPATH\CodeIgniter.php(340): CodeIgniter\CodeIgniter->handleRequest(null, Object(Config\Cache), false)
 8 SYSTEMPATH\Boot.php(417): CodeIgniter\CodeIgniter->run()
 9 SYSTEMPATH\Boot.php(68): CodeIgniter\Boot::runCodeIgniter(Object(CodeIgniter\CodeIgniter))
10 FCPATH\index.php(59): CodeIgniter\Boot::bootWeb(Object(Config\Paths))
CRITICAL - 2026-07-25 16:18:03 --> Error: Call to undefined function validation_show_error()
[Method: GET, Route: buku/create]
in APPPATH\Views\buku\create.php on line 13.
 1 SYSTEMPATH\View\View.php(240): include()
 2 SYSTEMPATH\View\View.php(243): CodeIgniter\View\View->CodeIgniter\View\{closure}()
 3 SYSTEMPATH\Common.php(1250): CodeIgniter\View\View->render('buku/create', [], true)
 4 APPPATH\Controllers\Buku.php(17): view('buku/create')
 5 SYSTEMPATH\CodeIgniter.php(951): App\Controllers\Buku->create()
 6 SYSTEMPATH\CodeIgniter.php(497): CodeIgniter\CodeIgniter->runController(Object(App\Controllers\Buku))
 7 SYSTEMPATH\CodeIgniter.php(340): CodeIgniter\CodeIgniter->handleRequest(null, Object(Config\Cache), false)
 8 SYSTEMPATH\Boot.php(417): CodeIgniter\CodeIgniter->run()
 9 SYSTEMPATH\Boot.php(68): CodeIgniter\Boot::runCodeIgniter(Object(CodeIgniter\CodeIgniter))
10 FCPATH\index.php(59): CodeIgniter\Boot::bootWeb(Object(Config\Paths))
CRITICAL - 2026-07-25 16:18:04 --> Error: Call to undefined function validation_show_error()
[Method: GET, Route: buku/create]
in APPPATH\Views\buku\create.php on line 13.
 1 SYSTEMPATH\View\View.php(240): include()
 2 SYSTEMPATH\View\View.php(243): CodeIgniter\View\View->CodeIgniter\View\{closure}()
 3 SYSTEMPATH\Common.php(1250): CodeIgniter\View\View->render('buku/create', [], true)
 4 APPPATH\Controllers\Buku.php(17): view('buku/create')
 5 SYSTEMPATH\CodeIgniter.php(951): App\Controllers\Buku->create()
 6 SYSTEMPATH\CodeIgniter.php(497): CodeIgniter\CodeIgniter->runController(Object(App\Controllers\Buku))
 7 SYSTEMPATH\CodeIgniter.php(340): CodeIgniter\CodeIgniter->handleRequest(null, Object(Config\Cache), false)
 8 SYSTEMPATH\Boot.php(417): CodeIgniter\CodeIgniter->run()
 9 SYSTEMPATH\Boot.php(68): CodeIgniter\Boot::runCodeIgniter(Object(CodeIgniter\CodeIgniter))
10 FCPATH\index.php(59): CodeIgniter\Boot::bootWeb(Object(Config\Paths))
CRITICAL - 2026-07-25 16:18:05 --> Error: Call to undefined function validation_show_error()
[Method: GET, Route: buku/create]
in APPPATH\Views\buku\create.php on line 13.
 1 SYSTEMPATH\View\View.php(240): include()
 2 SYSTEMPATH\View\View.php(243): CodeIgniter\View\View->CodeIgniter\View\{closure}()
 3 SYSTEMPATH\Common.php(1250): CodeIgniter\View\View->render('buku/create', [], true)
 4 APPPATH\Controllers\Buku.php(17): view('buku/create')
 5 SYSTEMPATH\CodeIgniter.php(951): App\Controllers\Buku->create()
 6 SYSTEMPATH\CodeIgniter.php(497): CodeIgniter\CodeIgniter->runController(Object(App\Controllers\Buku))
 7 SYSTEMPATH\CodeIgniter.php(340): CodeIgniter\CodeIgniter->handleRequest(null, Object(Config\Cache), false)
 8 SYSTEMPATH\Boot.php(417): CodeIgniter\CodeIgniter->run()
 9 SYSTEMPATH\Boot.php(68): CodeIgniter\Boot::runCodeIgniter(Object(CodeIgniter\CodeIgniter))
10 FCPATH\index.php(59): CodeIgniter\Boot::bootWeb(Object(Config\Paths))
CRITICAL - 2026-07-25 16:18:06 --> Error: Call to undefined function validation_show_error()
[Method: GET, Route: buku/create]
in APPPATH\Views\buku\create.php on line 13.
 1 SYSTEMPATH\View\View.php(240): include()
 2 SYSTEMPATH\View\View.php(243): CodeIgniter\View\View->CodeIgniter\View\{closure}()
 3 SYSTEMPATH\Common.php(1250): CodeIgniter\View\View->render('buku/create', [], true)
 4 APPPATH\Controllers\Buku.php(17): view('buku/create')
 5 SYSTEMPATH\CodeIgniter.php(951): App\Controllers\Buku->create()
 6 SYSTEMPATH\CodeIgniter.php(497): CodeIgniter\CodeIgniter->runController(Object(App\Controllers\Buku))
 7 SYSTEMPATH\CodeIgniter.php(340): CodeIgniter\CodeIgniter->handleRequest(null, Object(Config\Cache), false)
 8 SYSTEMPATH\Boot.php(417): CodeIgniter\CodeIgniter->run()
 9 SYSTEMPATH\Boot.php(68): CodeIgniter\Boot::runCodeIgniter(Object(CodeIgniter\CodeIgniter))
10 FCPATH\index.php(59): CodeIgniter\Boot::bootWeb(Object(Config\Paths))
CRITICAL - 2026-07-25 16:18:06 --> Error: Call to undefined function validation_show_error()
[Method: GET, Route: buku/create]
in APPPATH\Views\buku\create.php on line 13.
 1 SYSTEMPATH\View\View.php(240): include()
 2 SYSTEMPATH\View\View.php(243): CodeIgniter\View\View->CodeIgniter\View\{closure}()
 3 SYSTEMPATH\Common.php(1250): CodeIgniter\View\View->render('buku/create', [], true)
 4 APPPATH\Controllers\Buku.php(17): view('buku/create')
 5 SYSTEMPATH\CodeIgniter.php(951): App\Controllers\Buku->create()
 6 SYSTEMPATH\CodeIgniter.php(497): CodeIgniter\CodeIgniter->runController(Object(App\Controllers\Buku))
 7 SYSTEMPATH\CodeIgniter.php(340): CodeIgniter\CodeIgniter->handleRequest(null, Object(Config\Cache), false)
 8 SYSTEMPATH\Boot.php(417): CodeIgniter\CodeIgniter->run()
 9 SYSTEMPATH\Boot.php(68): CodeIgniter\Boot::runCodeIgniter(Object(CodeIgniter\CodeIgniter))
10 FCPATH\index.php(59): CodeIgniter\Boot::bootWeb(Object(Config\Paths))
CRITICAL - 2026-07-25 16:18:06 --> Error: Call to undefined function validation_show_error()
[Method: GET, Route: buku/create]
in APPPATH\Views\buku\create.php on line 13.
 1 SYSTEMPATH\View\View.php(240): include()
 2 SYSTEMPATH\View\View.php(243): CodeIgniter\View\View->CodeIgniter\View\{closure}()
 3 SYSTEMPATH\Common.php(1250): CodeIgniter\View\View->render('buku/create', [], true)
 4 APPPATH\Controllers\Buku.php(17): view('buku/create')
 5 SYSTEMPATH\CodeIgniter.php(951): App\Controllers\Buku->create()
 6 SYSTEMPATH\CodeIgniter.php(497): CodeIgniter\CodeIgniter->runController(Object(App\Controllers\Buku))
 7 SYSTEMPATH\CodeIgniter.php(340): CodeIgniter\CodeIgniter->handleRequest(null, Object(Config\Cache), false)
 8 SYSTEMPATH\Boot.php(417): CodeIgniter\CodeIgniter->run()
 9 SYSTEMPATH\Boot.php(68): CodeIgniter\Boot::runCodeIgniter(Object(CodeIgniter\CodeIgniter))
10 FCPATH\index.php(59): CodeIgniter\Boot::bootWeb(Object(Config\Paths))
CRITICAL - 2026-07-25 16:18:06 --> Error: Call to undefined function validation_show_error()
[Method: GET, Route: buku/create]
in APPPATH\Views\buku\create.php on line 13.
 1 SYSTEMPATH\View\View.php(240): include()
 2 SYSTEMPATH\View\View.php(243): CodeIgniter\View\View->CodeIgniter\View\{closure}()
 3 SYSTEMPATH\Common.php(1250): CodeIgniter\View\View->render('buku/create', [], true)
 4 APPPATH\Controllers\Buku.php(17): view('buku/create')
 5 SYSTEMPATH\CodeIgniter.php(951): App\Controllers\Buku->create()
 6 SYSTEMPATH\CodeIgniter.php(497): CodeIgniter\CodeIgniter->runController(Object(App\Controllers\Buku))
 7 SYSTEMPATH\CodeIgniter.php(340): CodeIgniter\CodeIgniter->handleRequest(null, Object(Config\Cache), false)
 8 SYSTEMPATH\Boot.php(417): CodeIgniter\CodeIgniter->run()
 9 SYSTEMPATH\Boot.php(68): CodeIgniter\Boot::runCodeIgniter(Object(CodeIgniter\CodeIgniter))
10 FCPATH\index.php(59): CodeIgniter\Boot::bootWeb(Object(Config\Paths))
CRITICAL - 2026-07-25 16:18:06 --> Error: Call to undefined function validation_show_error()
[Method: GET, Route: buku/create]
in APPPATH\Views\buku\create.php on line 13.
 1 SYSTEMPATH\View\View.php(240): include()
 2 SYSTEMPATH\View\View.php(243): CodeIgniter\View\View->CodeIgniter\View\{closure}()
 3 SYSTEMPATH\Common.php(1250): CodeIgniter\View\View->render('buku/create', [], true)
 4 APPPATH\Controllers\Buku.php(17): view('buku/create')
 5 SYSTEMPATH\CodeIgniter.php(951): App\Controllers\Buku->create()
 6 SYSTEMPATH\CodeIgniter.php(497): CodeIgniter\CodeIgniter->runController(Object(App\Controllers\Buku))
 7 SYSTEMPATH\CodeIgniter.php(340): CodeIgniter\CodeIgniter->handleRequest(null, Object(Config\Cache), false)
 8 SYSTEMPATH\Boot.php(417): CodeIgniter\CodeIgniter->run()
 9 SYSTEMPATH\Boot.php(68): CodeIgniter\Boot::runCodeIgniter(Object(CodeIgniter\CodeIgniter))
10 FCPATH\index.php(59): CodeIgniter\Boot::bootWeb(Object(Config\Paths))
CRITICAL - 2026-07-25 16:18:07 --> Error: Call to undefined function validation_show_error()
[Method: GET, Route: buku/create]
in APPPATH\Views\buku\create.php on line 13.
 1 SYSTEMPATH\View\View.php(240): include()
 2 SYSTEMPATH\View\View.php(243): CodeIgniter\View\View->CodeIgniter\View\{closure}()
 3 SYSTEMPATH\Common.php(1250): CodeIgniter\View\View->render('buku/create', [], true)
 4 APPPATH\Controllers\Buku.php(17): view('buku/create')
 5 SYSTEMPATH\CodeIgniter.php(951): App\Controllers\Buku->create()
 6 SYSTEMPATH\CodeIgniter.php(497): CodeIgniter\CodeIgniter->runController(Object(App\Controllers\Buku))
 7 SYSTEMPATH\CodeIgniter.php(340): CodeIgniter\CodeIgniter->handleRequest(null, Object(Config\Cache), false)
 8 SYSTEMPATH\Boot.php(417): CodeIgniter\CodeIgniter->run()
 9 SYSTEMPATH\Boot.php(68): CodeIgniter\Boot::runCodeIgniter(Object(CodeIgniter\CodeIgniter))
10 FCPATH\index.php(59): CodeIgniter\Boot::bootWeb(Object(Config\Paths))
CRITICAL - 2026-07-25 16:18:07 --> Error: Call to undefined function validation_show_error()
[Method: GET, Route: buku/create]
in APPPATH\Views\buku\create.php on line 13.
 1 SYSTEMPATH\View\View.php(240): include()
 2 SYSTEMPATH\View\View.php(243): CodeIgniter\View\View->CodeIgniter\View\{closure}()
 3 SYSTEMPATH\Common.php(1250): CodeIgniter\View\View->render('buku/create', [], true)
 4 APPPATH\Controllers\Buku.php(17): view('buku/create')
 5 SYSTEMPATH\CodeIgniter.php(951): App\Controllers\Buku->create()
 6 SYSTEMPATH\CodeIgniter.php(497): CodeIgniter\CodeIgniter->runController(Object(App\Controllers\Buku))
 7 SYSTEMPATH\CodeIgniter.php(340): CodeIgniter\CodeIgniter->handleRequest(null, Object(Config\Cache), false)
 8 SYSTEMPATH\Boot.php(417): CodeIgniter\CodeIgniter->run()
 9 SYSTEMPATH\Boot.php(68): CodeIgniter\Boot::runCodeIgniter(Object(CodeIgniter\CodeIgniter))
10 FCPATH\index.php(59): CodeIgniter\Boot::bootWeb(Object(Config\Paths))
CRITICAL - 2026-07-25 16:18:07 --> Error: Call to undefined function validation_show_error()
[Method: GET, Route: buku/create]
in APPPATH\Views\buku\create.php on line 13.
 1 SYSTEMPATH\View\View.php(240): include()
 2 SYSTEMPATH\View\View.php(243): CodeIgniter\View\View->CodeIgniter\View\{closure}()
 3 SYSTEMPATH\Common.php(1250): CodeIgniter\View\View->render('buku/create', [], true)
 4 APPPATH\Controllers\Buku.php(17): view('buku/create')
 5 SYSTEMPATH\CodeIgniter.php(951): App\Controllers\Buku->create()
 6 SYSTEMPATH\CodeIgniter.php(497): CodeIgniter\CodeIgniter->runController(Object(App\Controllers\Buku))
 7 SYSTEMPATH\CodeIgniter.php(340): CodeIgniter\CodeIgniter->handleRequest(null, Object(Config\Cache), false)
 8 SYSTEMPATH\Boot.php(417): CodeIgniter\CodeIgniter->run()
 9 SYSTEMPATH\Boot.php(68): CodeIgniter\Boot::runCodeIgniter(Object(CodeIgniter\CodeIgniter))
10 FCPATH\index.php(59): CodeIgniter\Boot::bootWeb(Object(Config\Paths))
CRITICAL - 2026-07-25 16:18:08 --> Error: Call to undefined function validation_show_error()
[Method: GET, Route: buku/create]
in APPPATH\Views\buku\create.php on line 13.
 1 SYSTEMPATH\View\View.php(240): include()
 2 SYSTEMPATH\View\View.php(243): CodeIgniter\View\View->CodeIgniter\View\{closure}()
 3 SYSTEMPATH\Common.php(1250): CodeIgniter\View\View->render('buku/create', [], true)
 4 APPPATH\Controllers\Buku.php(17): view('buku/create')
 5 SYSTEMPATH\CodeIgniter.php(951): App\Controllers\Buku->create()
 6 SYSTEMPATH\CodeIgniter.php(497): CodeIgniter\CodeIgniter->runController(Object(App\Controllers\Buku))
 7 SYSTEMPATH\CodeIgniter.php(340): CodeIgniter\CodeIgniter->handleRequest(null, Object(Config\Cache), false)
 8 SYSTEMPATH\Boot.php(417): CodeIgniter\CodeIgniter->run()
 9 SYSTEMPATH\Boot.php(68): CodeIgniter\Boot::runCodeIgniter(Object(CodeIgniter\CodeIgniter))
10 FCPATH\index.php(59): CodeIgniter\Boot::bootWeb(Object(Config\Paths))
CRITICAL - 2026-07-25 16:18:08 --> Error: Call to undefined function validation_show_error()
[Method: GET, Route: buku/create]
in APPPATH\Views\buku\create.php on line 13.
 1 SYSTEMPATH\View\View.php(240): include()
 2 SYSTEMPATH\View\View.php(243): CodeIgniter\View\View->CodeIgniter\View\{closure}()
 3 SYSTEMPATH\Common.php(1250): CodeIgniter\View\View->render('buku/create', [], true)
 4 APPPATH\Controllers\Buku.php(17): view('buku/create')
 5 SYSTEMPATH\CodeIgniter.php(951): App\Controllers\Buku->create()
 6 SYSTEMPATH\CodeIgniter.php(497): CodeIgniter\CodeIgniter->runController(Object(App\Controllers\Buku))
 7 SYSTEMPATH\CodeIgniter.php(340): CodeIgniter\CodeIgniter->handleRequest(null, Object(Config\Cache), false)
 8 SYSTEMPATH\Boot.php(417): CodeIgniter\CodeIgniter->run()
 9 SYSTEMPATH\Boot.php(68): CodeIgniter\Boot::runCodeIgniter(Object(CodeIgniter\CodeIgniter))
10 FCPATH\index.php(59): CodeIgniter\Boot::bootWeb(Object(Config\Paths))
DEBUG - 2026-07-25 16:18:28 --> Session: Class initialized using 'CodeIgniter\Session\Handlers\FileHandler' driver.
CRITICAL - 2026-07-25 16:18:28 --> Error: Call to undefined function validation_show_error()
[Method: GET, Route: buku/create]
in APPPATH\Views\buku\create.php on line 17.
 1 SYSTEMPATH\View\View.php(240): include()
 2 SYSTEMPATH\View\View.php(243): CodeIgniter\View\View->CodeIgniter\View\{closure}()
 3 SYSTEMPATH\Common.php(1250): CodeIgniter\View\View->render('buku/create', [], true)
 4 APPPATH\Controllers\Buku.php(17): view('buku/create')
 5 SYSTEMPATH\CodeIgniter.php(951): App\Controllers\Buku->create()
 6 SYSTEMPATH\CodeIgniter.php(497): CodeIgniter\CodeIgniter->runController(Object(App\Controllers\Buku))
 7 SYSTEMPATH\CodeIgniter.php(340): CodeIgniter\CodeIgniter->handleRequest(null, Object(Config\Cache), false)
 8 SYSTEMPATH\Boot.php(417): CodeIgniter\CodeIgniter->run()
 9 SYSTEMPATH\Boot.php(68): CodeIgniter\Boot::runCodeIgniter(Object(CodeIgniter\CodeIgniter))
10 FCPATH\index.php(59): CodeIgniter\Boot::bootWeb(Object(Config\Paths))
DEBUG - 2026-07-25 16:18:29 --> Session: Class initialized using 'CodeIgniter\Session\Handlers\FileHandler' driver.
CRITICAL - 2026-07-25 16:18:29 --> Error: Call to undefined function validation_show_error()
[Method: GET, Route: buku/create]
in APPPATH\Views\buku\create.php on line 17.
 1 SYSTEMPATH\View\View.php(240): include()
 2 SYSTEMPATH\View\View.php(243): CodeIgniter\View\View->CodeIgniter\View\{closure}()
 3 SYSTEMPATH\Common.php(1250): CodeIgniter\View\View->render('buku/create', [], true)
 4 APPPATH\Controllers\Buku.php(17): view('buku/create')
 5 SYSTEMPATH\CodeIgniter.php(951): App\Controllers\Buku->create()
 6 SYSTEMPATH\CodeIgniter.php(497): CodeIgniter\CodeIgniter->runController(Object(App\Controllers\Buku))
 7 SYSTEMPATH\CodeIgniter.php(340): CodeIgniter\CodeIgniter->handleRequest(null, Object(Config\Cache), false)
 8 SYSTEMPATH\Boot.php(417): CodeIgniter\CodeIgniter->run()
 9 SYSTEMPATH\Boot.php(68): CodeIgniter\Boot::runCodeIgniter(Object(CodeIgniter\CodeIgniter))
10 FCPATH\index.php(59): CodeIgniter\Boot::bootWeb(Object(Config\Paths))
DEBUG - 2026-07-25 16:18:30 --> Session: Class initialized using 'CodeIgniter\Session\Handlers\FileHandler' driver.
CRITICAL - 2026-07-25 16:18:30 --> Error: Call to undefined function validation_show_error()
[Method: GET, Route: buku/create]
in APPPATH\Views\buku\create.php on line 17.
 1 SYSTEMPATH\View\View.php(240): include()
 2 SYSTEMPATH\View\View.php(243): CodeIgniter\View\View->CodeIgniter\View\{closure}()
 3 SYSTEMPATH\Common.php(1250): CodeIgniter\View\View->render('buku/create', [], true)
 4 APPPATH\Controllers\Buku.php(17): view('buku/create')
 5 SYSTEMPATH\CodeIgniter.php(951): App\Controllers\Buku->create()
 6 SYSTEMPATH\CodeIgniter.php(497): CodeIgniter\CodeIgniter->runController(Object(App\Controllers\Buku))
 7 SYSTEMPATH\CodeIgniter.php(340): CodeIgniter\CodeIgniter->handleRequest(null, Object(Config\Cache), false)
 8 SYSTEMPATH\Boot.php(417): CodeIgniter\CodeIgniter->run()
 9 SYSTEMPATH\Boot.php(68): CodeIgniter\Boot::runCodeIgniter(Object(CodeIgniter\CodeIgniter))
10 FCPATH\index.php(59): CodeIgniter\Boot::bootWeb(Object(Config\Paths))
DEBUG - 2026-07-25 16:18:31 --> Session: Class initialized using 'CodeIgniter\Session\Handlers\FileHandler' driver.
CRITICAL - 2026-07-25 16:18:31 --> Error: Call to undefined function validation_show_error()
[Method: GET, Route: buku/create]
in APPPATH\Views\buku\create.php on line 17.
 1 SYSTEMPATH\View\View.php(240): include()
 2 SYSTEMPATH\View\View.php(243): CodeIgniter\View\View->CodeIgniter\View\{closure}()
 3 SYSTEMPATH\Common.php(1250): CodeIgniter\View\View->render('buku/create', [], true)
 4 APPPATH\Controllers\Buku.php(17): view('buku/create')
 5 SYSTEMPATH\CodeIgniter.php(951): App\Controllers\Buku->create()
 6 SYSTEMPATH\CodeIgniter.php(497): CodeIgniter\CodeIgniter->runController(Object(App\Controllers\Buku))
 7 SYSTEMPATH\CodeIgniter.php(340): CodeIgniter\CodeIgniter->handleRequest(null, Object(Config\Cache), false)
 8 SYSTEMPATH\Boot.php(417): CodeIgniter\CodeIgniter->run()
 9 SYSTEMPATH\Boot.php(68): CodeIgniter\Boot::runCodeIgniter(Object(CodeIgniter\CodeIgniter))
10 FCPATH\index.php(59): CodeIgniter\Boot::bootWeb(Object(Config\Paths))
DEBUG - 2026-07-25 16:18:31 --> Session: Class initialized using 'CodeIgniter\Session\Handlers\FileHandler' driver.
CRITICAL - 2026-07-25 16:18:31 --> Error: Call to undefined function validation_show_error()
[Method: GET, Route: buku/create]
in APPPATH\Views\buku\create.php on line 17.
 1 SYSTEMPATH\View\View.php(240): include()
 2 SYSTEMPATH\View\View.php(243): CodeIgniter\View\View->CodeIgniter\View\{closure}()
 3 SYSTEMPATH\Common.php(1250): CodeIgniter\View\View->render('buku/create', [], true)
 4 APPPATH\Controllers\Buku.php(17): view('buku/create')
 5 SYSTEMPATH\CodeIgniter.php(951): App\Controllers\Buku->create()
 6 SYSTEMPATH\CodeIgniter.php(497): CodeIgniter\CodeIgniter->runController(Object(App\Controllers\Buku))
 7 SYSTEMPATH\CodeIgniter.php(340): CodeIgniter\CodeIgniter->handleRequest(null, Object(Config\Cache), false)
 8 SYSTEMPATH\Boot.php(417): CodeIgniter\CodeIgniter->run()
 9 SYSTEMPATH\Boot.php(68): CodeIgniter\Boot::runCodeIgniter(Object(CodeIgniter\CodeIgniter))
10 FCPATH\index.php(59): CodeIgniter\Boot::bootWeb(Object(Config\Paths))
DEBUG - 2026-07-25 16:18:31 --> Session: Class initialized using 'CodeIgniter\Session\Handlers\FileHandler' driver.
CRITICAL - 2026-07-25 16:18:31 --> Error: Call to undefined function validation_show_error()
[Method: GET, Route: buku/create]
in APPPATH\Views\buku\create.php on line 17.
 1 SYSTEMPATH\View\View.php(240): include()
 2 SYSTEMPATH\View\View.php(243): CodeIgniter\View\View->CodeIgniter\View\{closure}()
 3 SYSTEMPATH\Common.php(1250): CodeIgniter\View\View->render('buku/create', [], true)
 4 APPPATH\Controllers\Buku.php(17): view('buku/create')
 5 SYSTEMPATH\CodeIgniter.php(951): App\Controllers\Buku->create()
 6 SYSTEMPATH\CodeIgniter.php(497): CodeIgniter\CodeIgniter->runController(Object(App\Controllers\Buku))
 7 SYSTEMPATH\CodeIgniter.php(340): CodeIgniter\CodeIgniter->handleRequest(null, Object(Config\Cache), false)
 8 SYSTEMPATH\Boot.php(417): CodeIgniter\CodeIgniter->run()
 9 SYSTEMPATH\Boot.php(68): CodeIgniter\Boot::runCodeIgniter(Object(CodeIgniter\CodeIgniter))
10 FCPATH\index.php(59): CodeIgniter\Boot::bootWeb(Object(Config\Paths))
DEBUG - 2026-07-25 16:18:31 --> Session: Class initialized using 'CodeIgniter\Session\Handlers\FileHandler' driver.
CRITICAL - 2026-07-25 16:18:31 --> Error: Call to undefined function validation_show_error()
[Method: GET, Route: buku/create]
in APPPATH\Views\buku\create.php on line 17.
 1 SYSTEMPATH\View\View.php(240): include()
 2 SYSTEMPATH\View\View.php(243): CodeIgniter\View\View->CodeIgniter\View\{closure}()
 3 SYSTEMPATH\Common.php(1250): CodeIgniter\View\View->render('buku/create', [], true)
 4 APPPATH\Controllers\Buku.php(17): view('buku/create')
 5 SYSTEMPATH\CodeIgniter.php(951): App\Controllers\Buku->create()
 6 SYSTEMPATH\CodeIgniter.php(497): CodeIgniter\CodeIgniter->runController(Object(App\Controllers\Buku))
 7 SYSTEMPATH\CodeIgniter.php(340): CodeIgniter\CodeIgniter->handleRequest(null, Object(Config\Cache), false)
 8 SYSTEMPATH\Boot.php(417): CodeIgniter\CodeIgniter->run()
 9 SYSTEMPATH\Boot.php(68): CodeIgniter\Boot::runCodeIgniter(Object(CodeIgniter\CodeIgniter))
10 FCPATH\index.php(59): CodeIgniter\Boot::bootWeb(Object(Config\Paths))
DEBUG - 2026-07-25 16:18:32 --> Session: Class initialized using 'CodeIgniter\Session\Handlers\FileHandler' driver.
CRITICAL - 2026-07-25 16:18:32 --> Error: Call to undefined function validation_show_error()
[Method: GET, Route: buku/create]
in APPPATH\Views\buku\create.php on line 17.
 1 SYSTEMPATH\View\View.php(240): include()
 2 SYSTEMPATH\View\View.php(243): CodeIgniter\View\View->CodeIgniter\View\{closure}()
 3 SYSTEMPATH\Common.php(1250): CodeIgniter\View\View->render('buku/create', [], true)
 4 APPPATH\Controllers\Buku.php(17): view('buku/create')
 5 SYSTEMPATH\CodeIgniter.php(951): App\Controllers\Buku->create()
 6 SYSTEMPATH\CodeIgniter.php(497): CodeIgniter\CodeIgniter->runController(Object(App\Controllers\Buku))
 7 SYSTEMPATH\CodeIgniter.php(340): CodeIgniter\CodeIgniter->handleRequest(null, Object(Config\Cache), false)
 8 SYSTEMPATH\Boot.php(417): CodeIgniter\CodeIgniter->run()
 9 SYSTEMPATH\Boot.php(68): CodeIgniter\Boot::runCodeIgniter(Object(CodeIgniter\CodeIgniter))
10 FCPATH\index.php(59): CodeIgniter\Boot::bootWeb(Object(Config\Paths))
DEBUG - 2026-07-25 16:18:32 --> Session: Class initialized using 'CodeIgniter\Session\Handlers\FileHandler' driver.
CRITICAL - 2026-07-25 16:18:32 --> Error: Call to undefined function validation_show_error()
[Method: GET, Route: buku/create]
in APPPATH\Views\buku\create.php on line 17.
 1 SYSTEMPATH\View\View.php(240): include()
 2 SYSTEMPATH\View\View.php(243): CodeIgniter\View\View->CodeIgniter\View\{closure}()
 3 SYSTEMPATH\Common.php(1250): CodeIgniter\View\View->render('buku/create', [], true)
 4 APPPATH\Controllers\Buku.php(17): view('buku/create')
 5 SYSTEMPATH\CodeIgniter.php(951): App\Controllers\Buku->create()
 6 SYSTEMPATH\CodeIgniter.php(497): CodeIgniter\CodeIgniter->runController(Object(App\Controllers\Buku))
 7 SYSTEMPATH\CodeIgniter.php(340): CodeIgniter\CodeIgniter->handleRequest(null, Object(Config\Cache), false)
 8 SYSTEMPATH\Boot.php(417): CodeIgniter\CodeIgniter->run()
 9 SYSTEMPATH\Boot.php(68): CodeIgniter\Boot::runCodeIgniter(Object(CodeIgniter\CodeIgniter))
10 FCPATH\index.php(59): CodeIgniter\Boot::bootWeb(Object(Config\Paths))
DEBUG - 2026-07-25 16:19:47 --> Session: Class initialized using 'CodeIgniter\Session\Handlers\FileHandler' driver.
CRITICAL - 2026-07-25 16:19:47 --> Error: Call to undefined function validation_show_error()
[Method: GET, Route: buku/create]
in APPPATH\Views\buku\create.php on line 17.
 1 SYSTEMPATH\View\View.php(240): include()
 2 SYSTEMPATH\View\View.php(243): CodeIgniter\View\View->CodeIgniter\View\{closure}()
 3 SYSTEMPATH\Common.php(1250): CodeIgniter\View\View->render('buku/create', [], true)
 4 APPPATH\Controllers\Buku.php(18): view('buku/create')
 5 SYSTEMPATH\CodeIgniter.php(951): App\Controllers\Buku->create()
 6 SYSTEMPATH\CodeIgniter.php(497): CodeIgniter\CodeIgniter->runController(Object(App\Controllers\Buku))
 7 SYSTEMPATH\CodeIgniter.php(340): CodeIgniter\CodeIgniter->handleRequest(null, Object(Config\Cache), false)
 8 SYSTEMPATH\Boot.php(417): CodeIgniter\CodeIgniter->run()
 9 SYSTEMPATH\Boot.php(68): CodeIgniter\Boot::runCodeIgniter(Object(CodeIgniter\CodeIgniter))
10 FCPATH\index.php(59): CodeIgniter\Boot::bootWeb(Object(Config\Paths))
DEBUG - 2026-07-25 16:19:48 --> Session: Class initialized using 'CodeIgniter\Session\Handlers\FileHandler' driver.
CRITICAL - 2026-07-25 16:19:48 --> Error: Call to undefined function validation_show_error()
[Method: GET, Route: buku/create]
in APPPATH\Views\buku\create.php on line 17.
 1 SYSTEMPATH\View\View.php(240): include()
 2 SYSTEMPATH\View\View.php(243): CodeIgniter\View\View->CodeIgniter\View\{closure}()
 3 SYSTEMPATH\Common.php(1250): CodeIgniter\View\View->render('buku/create', [], true)
 4 APPPATH\Controllers\Buku.php(18): view('buku/create')
 5 SYSTEMPATH\CodeIgniter.php(951): App\Controllers\Buku->create()
 6 SYSTEMPATH\CodeIgniter.php(497): CodeIgniter\CodeIgniter->runController(Object(App\Controllers\Buku))
 7 SYSTEMPATH\CodeIgniter.php(340): CodeIgniter\CodeIgniter->handleRequest(null, Object(Config\Cache), false)
 8 SYSTEMPATH\Boot.php(417): CodeIgniter\CodeIgniter->run()
 9 SYSTEMPATH\Boot.php(68): CodeIgniter\Boot::runCodeIgniter(Object(CodeIgniter\CodeIgniter))
10 FCPATH\index.php(59): CodeIgniter\Boot::bootWeb(Object(Config\Paths))
DEBUG - 2026-07-25 16:19:49 --> Session: Class initialized using 'CodeIgniter\Session\Handlers\FileHandler' driver.
CRITICAL - 2026-07-25 16:19:49 --> Error: Call to undefined function validation_show_error()
[Method: GET, Route: buku/create]
in APPPATH\Views\buku\create.php on line 17.
 1 SYSTEMPATH\View\View.php(240): include()
 2 SYSTEMPATH\View\View.php(243): CodeIgniter\View\View->CodeIgniter\View\{closure}()
 3 SYSTEMPATH\Common.php(1250): CodeIgniter\View\View->render('buku/create', [], true)
 4 APPPATH\Controllers\Buku.php(18): view('buku/create')
 5 SYSTEMPATH\CodeIgniter.php(951): App\Controllers\Buku->create()
 6 SYSTEMPATH\CodeIgniter.php(497): CodeIgniter\CodeIgniter->runController(Object(App\Controllers\Buku))
 7 SYSTEMPATH\CodeIgniter.php(340): CodeIgniter\CodeIgniter->handleRequest(null, Object(Config\Cache), false)
 8 SYSTEMPATH\Boot.php(417): CodeIgniter\CodeIgniter->run()
 9 SYSTEMPATH\Boot.php(68): CodeIgniter\Boot::runCodeIgniter(Object(CodeIgniter\CodeIgniter))
10 FCPATH\index.php(59): CodeIgniter\Boot::bootWeb(Object(Config\Paths))
DEBUG - 2026-07-25 16:19:50 --> Session: Class initialized using 'CodeIgniter\Session\Handlers\FileHandler' driver.
CRITICAL - 2026-07-25 16:19:50 --> Error: Call to undefined function validation_show_error()
[Method: GET, Route: buku/create]
in APPPATH\Views\buku\create.php on line 17.
 1 SYSTEMPATH\View\View.php(240): include()
 2 SYSTEMPATH\View\View.php(243): CodeIgniter\View\View->CodeIgniter\View\{closure}()
 3 SYSTEMPATH\Common.php(1250): CodeIgniter\View\View->render('buku/create', [], true)
 4 APPPATH\Controllers\Buku.php(18): view('buku/create')
 5 SYSTEMPATH\CodeIgniter.php(951): App\Controllers\Buku->create()
 6 SYSTEMPATH\CodeIgniter.php(497): CodeIgniter\CodeIgniter->runController(Object(App\Controllers\Buku))
 7 SYSTEMPATH\CodeIgniter.php(340): CodeIgniter\CodeIgniter->handleRequest(null, Object(Config\Cache), false)
 8 SYSTEMPATH\Boot.php(417): CodeIgniter\CodeIgniter->run()
 9 SYSTEMPATH\Boot.php(68): CodeIgniter\Boot::runCodeIgniter(Object(CodeIgniter\CodeIgniter))
10 FCPATH\index.php(59): CodeIgniter\Boot::bootWeb(Object(Config\Paths))
DEBUG - 2026-07-25 16:19:50 --> Session: Class initialized using 'CodeIgniter\Session\Handlers\FileHandler' driver.
CRITICAL - 2026-07-25 16:19:50 --> Error: Call to undefined function validation_show_error()
[Method: GET, Route: buku/create]
in APPPATH\Views\buku\create.php on line 17.
 1 SYSTEMPATH\View\View.php(240): include()
 2 SYSTEMPATH\View\View.php(243): CodeIgniter\View\View->CodeIgniter\View\{closure}()
 3 SYSTEMPATH\Common.php(1250): CodeIgniter\View\View->render('buku/create', [], true)
 4 APPPATH\Controllers\Buku.php(18): view('buku/create')
 5 SYSTEMPATH\CodeIgniter.php(951): App\Controllers\Buku->create()
 6 SYSTEMPATH\CodeIgniter.php(497): CodeIgniter\CodeIgniter->runController(Object(App\Controllers\Buku))
 7 SYSTEMPATH\CodeIgniter.php(340): CodeIgniter\CodeIgniter->handleRequest(null, Object(Config\Cache), false)
 8 SYSTEMPATH\Boot.php(417): CodeIgniter\CodeIgniter->run()
 9 SYSTEMPATH\Boot.php(68): CodeIgniter\Boot::runCodeIgniter(Object(CodeIgniter\CodeIgniter))
10 FCPATH\index.php(59): CodeIgniter\Boot::bootWeb(Object(Config\Paths))
DEBUG - 2026-07-25 16:19:51 --> Session: Class initialized using 'CodeIgniter\Session\Handlers\FileHandler' driver.
CRITICAL - 2026-07-25 16:19:51 --> Error: Call to undefined function validation_show_error()
[Method: GET, Route: buku/create]
in APPPATH\Views\buku\create.php on line 17.
 1 SYSTEMPATH\View\View.php(240): include()
 2 SYSTEMPATH\View\View.php(243): CodeIgniter\View\View->CodeIgniter\View\{closure}()
 3 SYSTEMPATH\Common.php(1250): CodeIgniter\View\View->render('buku/create', [], true)
 4 APPPATH\Controllers\Buku.php(18): view('buku/create')
 5 SYSTEMPATH\CodeIgniter.php(951): App\Controllers\Buku->create()
 6 SYSTEMPATH\CodeIgniter.php(497): CodeIgniter\CodeIgniter->runController(Object(App\Controllers\Buku))
 7 SYSTEMPATH\CodeIgniter.php(340): CodeIgniter\CodeIgniter->handleRequest(null, Object(Config\Cache), false)
 8 SYSTEMPATH\Boot.php(417): CodeIgniter\CodeIgniter->run()
 9 SYSTEMPATH\Boot.php(68): CodeIgniter\Boot::runCodeIgniter(Object(CodeIgniter\CodeIgniter))
10 FCPATH\index.php(59): CodeIgniter\Boot::bootWeb(Object(Config\Paths))
DEBUG - 2026-07-25 16:19:51 --> Session: Class initialized using 'CodeIgniter\Session\Handlers\FileHandler' driver.
CRITICAL - 2026-07-25 16:19:51 --> Error: Call to undefined function validation_show_error()
[Method: GET, Route: buku/create]
in APPPATH\Views\buku\create.php on line 17.
 1 SYSTEMPATH\View\View.php(240): include()
 2 SYSTEMPATH\View\View.php(243): CodeIgniter\View\View->CodeIgniter\View\{closure}()
 3 SYSTEMPATH\Common.php(1250): CodeIgniter\View\View->render('buku/create', [], true)
 4 APPPATH\Controllers\Buku.php(18): view('buku/create')
 5 SYSTEMPATH\CodeIgniter.php(951): App\Controllers\Buku->create()
 6 SYSTEMPATH\CodeIgniter.php(497): CodeIgniter\CodeIgniter->runController(Object(App\Controllers\Buku))
 7 SYSTEMPATH\CodeIgniter.php(340): CodeIgniter\CodeIgniter->handleRequest(null, Object(Config\Cache), false)
 8 SYSTEMPATH\Boot.php(417): CodeIgniter\CodeIgniter->run()
 9 SYSTEMPATH\Boot.php(68): CodeIgniter\Boot::runCodeIgniter(Object(CodeIgniter\CodeIgniter))
10 FCPATH\index.php(59): CodeIgniter\Boot::bootWeb(Object(Config\Paths))
DEBUG - 2026-07-25 16:19:51 --> Session: Class initialized using 'CodeIgniter\Session\Handlers\FileHandler' driver.
CRITICAL - 2026-07-25 16:19:51 --> Error: Call to undefined function validation_show_error()
[Method: GET, Route: buku/create]
in APPPATH\Views\buku\create.php on line 17.
 1 SYSTEMPATH\View\View.php(240): include()
 2 SYSTEMPATH\View\View.php(243): CodeIgniter\View\View->CodeIgniter\View\{closure}()
 3 SYSTEMPATH\Common.php(1250): CodeIgniter\View\View->render('buku/create', [], true)
 4 APPPATH\Controllers\Buku.php(18): view('buku/create')
 5 SYSTEMPATH\CodeIgniter.php(951): App\Controllers\Buku->create()
 6 SYSTEMPATH\CodeIgniter.php(497): CodeIgniter\CodeIgniter->runController(Object(App\Controllers\Buku))
 7 SYSTEMPATH\CodeIgniter.php(340): CodeIgniter\CodeIgniter->handleRequest(null, Object(Config\Cache), false)
 8 SYSTEMPATH\Boot.php(417): CodeIgniter\CodeIgniter->run()
 9 SYSTEMPATH\Boot.php(68): CodeIgniter\Boot::runCodeIgniter(Object(CodeIgniter\CodeIgniter))
10 FCPATH\index.php(59): CodeIgniter\Boot::bootWeb(Object(Config\Paths))
DEBUG - 2026-07-25 16:19:51 --> Session: Class initialized using 'CodeIgniter\Session\Handlers\FileHandler' driver.
CRITICAL - 2026-07-25 16:19:51 --> Error: Call to undefined function validation_show_error()
[Method: GET, Route: buku/create]
in APPPATH\Views\buku\create.php on line 17.
 1 SYSTEMPATH\View\View.php(240): include()
 2 SYSTEMPATH\View\View.php(243): CodeIgniter\View\View->CodeIgniter\View\{closure}()
 3 SYSTEMPATH\Common.php(1250): CodeIgniter\View\View->render('buku/create', [], true)
 4 APPPATH\Controllers\Buku.php(18): view('buku/create')
 5 SYSTEMPATH\CodeIgniter.php(951): App\Controllers\Buku->create()
 6 SYSTEMPATH\CodeIgniter.php(497): CodeIgniter\CodeIgniter->runController(Object(App\Controllers\Buku))
 7 SYSTEMPATH\CodeIgniter.php(340): CodeIgniter\CodeIgniter->handleRequest(null, Object(Config\Cache), false)
 8 SYSTEMPATH\Boot.php(417): CodeIgniter\CodeIgniter->run()
 9 SYSTEMPATH\Boot.php(68): CodeIgniter\Boot::runCodeIgniter(Object(CodeIgniter\CodeIgniter))
10 FCPATH\index.php(59): CodeIgniter\Boot::bootWeb(Object(Config\Paths))
DEBUG - 2026-07-25 16:19:51 --> Session: Class initialized using 'CodeIgniter\Session\Handlers\FileHandler' driver.
CRITICAL - 2026-07-25 16:19:51 --> Error: Call to undefined function validation_show_error()
[Method: GET, Route: buku/create]
in APPPATH\Views\buku\create.php on line 17.
 1 SYSTEMPATH\View\View.php(240): include()
 2 SYSTEMPATH\View\View.php(243): CodeIgniter\View\View->CodeIgniter\View\{closure}()
 3 SYSTEMPATH\Common.php(1250): CodeIgniter\View\View->render('buku/create', [], true)
 4 APPPATH\Controllers\Buku.php(18): view('buku/create')
 5 SYSTEMPATH\CodeIgniter.php(951): App\Controllers\Buku->create()
 6 SYSTEMPATH\CodeIgniter.php(497): CodeIgniter\CodeIgniter->runController(Object(App\Controllers\Buku))
 7 SYSTEMPATH\CodeIgniter.php(340): CodeIgniter\CodeIgniter->handleRequest(null, Object(Config\Cache), false)
 8 SYSTEMPATH\Boot.php(417): CodeIgniter\CodeIgniter->run()
 9 SYSTEMPATH\Boot.php(68): CodeIgniter\Boot::runCodeIgniter(Object(CodeIgniter\CodeIgniter))
10 FCPATH\index.php(59): CodeIgniter\Boot::bootWeb(Object(Config\Paths))
DEBUG - 2026-07-25 16:19:52 --> Session: Class initialized using 'CodeIgniter\Session\Handlers\FileHandler' driver.
CRITICAL - 2026-07-25 16:19:52 --> Error: Call to undefined function validation_show_error()
[Method: GET, Route: buku/create]
in APPPATH\Views\buku\create.php on line 17.
 1 SYSTEMPATH\View\View.php(240): include()
 2 SYSTEMPATH\View\View.php(243): CodeIgniter\View\View->CodeIgniter\View\{closure}()
 3 SYSTEMPATH\Common.php(1250): CodeIgniter\View\View->render('buku/create', [], true)
 4 APPPATH\Controllers\Buku.php(18): view('buku/create')
 5 SYSTEMPATH\CodeIgniter.php(951): App\Controllers\Buku->create()
 6 SYSTEMPATH\CodeIgniter.php(497): CodeIgniter\CodeIgniter->runController(Object(App\Controllers\Buku))
 7 SYSTEMPATH\CodeIgniter.php(340): CodeIgniter\CodeIgniter->handleRequest(null, Object(Config\Cache), false)
 8 SYSTEMPATH\Boot.php(417): CodeIgniter\CodeIgniter->run()
 9 SYSTEMPATH\Boot.php(68): CodeIgniter\Boot::runCodeIgniter(Object(CodeIgniter\CodeIgniter))
10 FCPATH\index.php(59): CodeIgniter\Boot::bootWeb(Object(Config\Paths))
DEBUG - 2026-07-25 16:19:52 --> Session: Class initialized using 'CodeIgniter\Session\Handlers\FileHandler' driver.
CRITICAL - 2026-07-25 16:19:52 --> Error: Call to undefined function validation_show_error()
[Method: GET, Route: buku/create]
in APPPATH\Views\buku\create.php on line 17.
 1 SYSTEMPATH\View\View.php(240): include()
 2 SYSTEMPATH\View\View.php(243): CodeIgniter\View\View->CodeIgniter\View\{closure}()
 3 SYSTEMPATH\Common.php(1250): CodeIgniter\View\View->render('buku/create', [], true)
 4 APPPATH\Controllers\Buku.php(18): view('buku/create')
 5 SYSTEMPATH\CodeIgniter.php(951): App\Controllers\Buku->create()
 6 SYSTEMPATH\CodeIgniter.php(497): CodeIgniter\CodeIgniter->runController(Object(App\Controllers\Buku))
 7 SYSTEMPATH\CodeIgniter.php(340): CodeIgniter\CodeIgniter->handleRequest(null, Object(Config\Cache), false)
 8 SYSTEMPATH\Boot.php(417): CodeIgniter\CodeIgniter->run()
 9 SYSTEMPATH\Boot.php(68): CodeIgniter\Boot::runCodeIgniter(Object(CodeIgniter\CodeIgniter))
10 FCPATH\index.php(59): CodeIgniter\Boot::bootWeb(Object(Config\Paths))
DEBUG - 2026-07-25 16:19:52 --> Session: Class initialized using 'CodeIgniter\Session\Handlers\FileHandler' driver.
CRITICAL - 2026-07-25 16:19:52 --> Error: Call to undefined function validation_show_error()
[Method: GET, Route: buku/create]
in APPPATH\Views\buku\create.php on line 17.
 1 SYSTEMPATH\View\View.php(240): include()
 2 SYSTEMPATH\View\View.php(243): CodeIgniter\View\View->CodeIgniter\View\{closure}()
 3 SYSTEMPATH\Common.php(1250): CodeIgniter\View\View->render('buku/create', [], true)
 4 APPPATH\Controllers\Buku.php(18): view('buku/create')
 5 SYSTEMPATH\CodeIgniter.php(951): App\Controllers\Buku->create()
 6 SYSTEMPATH\CodeIgniter.php(497): CodeIgniter\CodeIgniter->runController(Object(App\Controllers\Buku))
 7 SYSTEMPATH\CodeIgniter.php(340): CodeIgniter\CodeIgniter->handleRequest(null, Object(Config\Cache), false)
 8 SYSTEMPATH\Boot.php(417): CodeIgniter\CodeIgniter->run()
 9 SYSTEMPATH\Boot.php(68): CodeIgniter\Boot::runCodeIgniter(Object(CodeIgniter\CodeIgniter))
10 FCPATH\index.php(59): CodeIgniter\Boot::bootWeb(Object(Config\Paths))
DEBUG - 2026-07-25 16:20:27 --> Session: Class initialized using 'CodeIgniter\Session\Handlers\FileHandler' driver.
CRITICAL - 2026-07-25 16:20:27 --> Error: Call to undefined function validation_show_error()
[Method: GET, Route: buku/create]
in APPPATH\Views\buku\create.php on line 17.
 1 SYSTEMPATH\View\View.php(240): include()
 2 SYSTEMPATH\View\View.php(243): CodeIgniter\View\View->CodeIgniter\View\{closure}()
 3 SYSTEMPATH\Common.php(1250): CodeIgniter\View\View->render('buku/create', [], true)
 4 APPPATH\Controllers\Buku.php(18): view('buku/create')
 5 SYSTEMPATH\CodeIgniter.php(951): App\Controllers\Buku->create()
 6 SYSTEMPATH\CodeIgniter.php(497): CodeIgniter\CodeIgniter->runController(Object(App\Controllers\Buku))
 7 SYSTEMPATH\CodeIgniter.php(340): CodeIgniter\CodeIgniter->handleRequest(null, Object(Config\Cache), false)
 8 SYSTEMPATH\Boot.php(417): CodeIgniter\CodeIgniter->run()
 9 SYSTEMPATH\Boot.php(68): CodeIgniter\Boot::runCodeIgniter(Object(CodeIgniter\CodeIgniter))
10 FCPATH\index.php(59): CodeIgniter\Boot::bootWeb(Object(Config\Paths))
DEBUG - 2026-07-25 16:20:28 --> Session: Class initialized using 'CodeIgniter\Session\Handlers\FileHandler' driver.
CRITICAL - 2026-07-25 16:20:28 --> Error: Call to undefined function validation_show_error()
[Method: GET, Route: buku/create]
in APPPATH\Views\buku\create.php on line 17.
 1 SYSTEMPATH\View\View.php(240): include()
 2 SYSTEMPATH\View\View.php(243): CodeIgniter\View\View->CodeIgniter\View\{closure}()
 3 SYSTEMPATH\Common.php(1250): CodeIgniter\View\View->render('buku/create', [], true)
 4 APPPATH\Controllers\Buku.php(18): view('buku/create')
 5 SYSTEMPATH\CodeIgniter.php(951): App\Controllers\Buku->create()
 6 SYSTEMPATH\CodeIgniter.php(497): CodeIgniter\CodeIgniter->runController(Object(App\Controllers\Buku))
 7 SYSTEMPATH\CodeIgniter.php(340): CodeIgniter\CodeIgniter->handleRequest(null, Object(Config\Cache), false)
 8 SYSTEMPATH\Boot.php(417): CodeIgniter\CodeIgniter->run()
 9 SYSTEMPATH\Boot.php(68): CodeIgniter\Boot::runCodeIgniter(Object(CodeIgniter\CodeIgniter))
10 FCPATH\index.php(59): CodeIgniter\Boot::bootWeb(Object(Config\Paths))
DEBUG - 2026-07-25 16:20:29 --> Session: Class initialized using 'CodeIgniter\Session\Handlers\FileHandler' driver.
CRITICAL - 2026-07-25 16:20:29 --> Error: Call to undefined function validation_show_error()
[Method: GET, Route: buku/create]
in APPPATH\Views\buku\create.php on line 17.
 1 SYSTEMPATH\View\View.php(240): include()
 2 SYSTEMPATH\View\View.php(243): CodeIgniter\View\View->CodeIgniter\View\{closure}()
 3 SYSTEMPATH\Common.php(1250): CodeIgniter\View\View->render('buku/create', [], true)
 4 APPPATH\Controllers\Buku.php(18): view('buku/create')
 5 SYSTEMPATH\CodeIgniter.php(951): App\Controllers\Buku->create()
 6 SYSTEMPATH\CodeIgniter.php(497): CodeIgniter\CodeIgniter->runController(Object(App\Controllers\Buku))
 7 SYSTEMPATH\CodeIgniter.php(340): CodeIgniter\CodeIgniter->handleRequest(null, Object(Config\Cache), false)
 8 SYSTEMPATH\Boot.php(417): CodeIgniter\CodeIgniter->run()
 9 SYSTEMPATH\Boot.php(68): CodeIgniter\Boot::runCodeIgniter(Object(CodeIgniter\CodeIgniter))
10 FCPATH\index.php(59): CodeIgniter\Boot::bootWeb(Object(Config\Paths))
DEBUG - 2026-07-25 16:20:29 --> Session: Class initialized using 'CodeIgniter\Session\Handlers\FileHandler' driver.
CRITICAL - 2026-07-25 16:20:29 --> Error: Call to undefined function validation_show_error()
[Method: GET, Route: buku/create]
in APPPATH\Views\buku\create.php on line 17.
 1 SYSTEMPATH\View\View.php(240): include()
 2 SYSTEMPATH\View\View.php(243): CodeIgniter\View\View->CodeIgniter\View\{closure}()
 3 SYSTEMPATH\Common.php(1250): CodeIgniter\View\View->render('buku/create', [], true)
 4 APPPATH\Controllers\Buku.php(18): view('buku/create')
 5 SYSTEMPATH\CodeIgniter.php(951): App\Controllers\Buku->create()
 6 SYSTEMPATH\CodeIgniter.php(497): CodeIgniter\CodeIgniter->runController(Object(App\Controllers\Buku))
 7 SYSTEMPATH\CodeIgniter.php(340): CodeIgniter\CodeIgniter->handleRequest(null, Object(Config\Cache), false)
 8 SYSTEMPATH\Boot.php(417): CodeIgniter\CodeIgniter->run()
 9 SYSTEMPATH\Boot.php(68): CodeIgniter\Boot::runCodeIgniter(Object(CodeIgniter\CodeIgniter))
10 FCPATH\index.php(59): CodeIgniter\Boot::bootWeb(Object(Config\Paths))
DEBUG - 2026-07-25 16:20:30 --> Session: Class initialized using 'CodeIgniter\Session\Handlers\FileHandler' driver.
CRITICAL - 2026-07-25 16:20:30 --> Error: Call to undefined function validation_show_error()
[Method: GET, Route: buku/create]
in APPPATH\Views\buku\create.php on line 17.
 1 SYSTEMPATH\View\View.php(240): include()
 2 SYSTEMPATH\View\View.php(243): CodeIgniter\View\View->CodeIgniter\View\{closure}()
 3 SYSTEMPATH\Common.php(1250): CodeIgniter\View\View->render('buku/create', [], true)
 4 APPPATH\Controllers\Buku.php(18): view('buku/create')
 5 SYSTEMPATH\CodeIgniter.php(951): App\Controllers\Buku->create()
 6 SYSTEMPATH\CodeIgniter.php(497): CodeIgniter\CodeIgniter->runController(Object(App\Controllers\Buku))
 7 SYSTEMPATH\CodeIgniter.php(340): CodeIgniter\CodeIgniter->handleRequest(null, Object(Config\Cache), false)
 8 SYSTEMPATH\Boot.php(417): CodeIgniter\CodeIgniter->run()
 9 SYSTEMPATH\Boot.php(68): CodeIgniter\Boot::runCodeIgniter(Object(CodeIgniter\CodeIgniter))
10 FCPATH\index.php(59): CodeIgniter\Boot::bootWeb(Object(Config\Paths))
DEBUG - 2026-07-25 16:20:30 --> Session: Class initialized using 'CodeIgniter\Session\Handlers\FileHandler' driver.
CRITICAL - 2026-07-25 16:20:30 --> Error: Call to undefined function validation_show_error()
[Method: GET, Route: buku/create]
in APPPATH\Views\buku\create.php on line 17.
 1 SYSTEMPATH\View\View.php(240): include()
 2 SYSTEMPATH\View\View.php(243): CodeIgniter\View\View->CodeIgniter\View\{closure}()
 3 SYSTEMPATH\Common.php(1250): CodeIgniter\View\View->render('buku/create', [], true)
 4 APPPATH\Controllers\Buku.php(18): view('buku/create')
 5 SYSTEMPATH\CodeIgniter.php(951): App\Controllers\Buku->create()
 6 SYSTEMPATH\CodeIgniter.php(497): CodeIgniter\CodeIgniter->runController(Object(App\Controllers\Buku))
 7 SYSTEMPATH\CodeIgniter.php(340): CodeIgniter\CodeIgniter->handleRequest(null, Object(Config\Cache), false)
 8 SYSTEMPATH\Boot.php(417): CodeIgniter\CodeIgniter->run()
 9 SYSTEMPATH\Boot.php(68): CodeIgniter\Boot::runCodeIgniter(Object(CodeIgniter\CodeIgniter))
10 FCPATH\index.php(59): CodeIgniter\Boot::bootWeb(Object(Config\Paths))
DEBUG - 2026-07-25 16:20:37 --> Session: Class initialized using 'CodeIgniter\Session\Handlers\FileHandler' driver.
CRITICAL - 2026-07-25 16:20:37 --> Error: Call to undefined function validation_show_error()
[Method: GET, Route: buku/create]
in APPPATH\Views\buku\create.php on line 17.
 1 SYSTEMPATH\View\View.php(240): include()
 2 SYSTEMPATH\View\View.php(243): CodeIgniter\View\View->CodeIgniter\View\{closure}()
 3 SYSTEMPATH\Common.php(1250): CodeIgniter\View\View->render('buku/create', [], true)
 4 APPPATH\Controllers\Buku.php(18): view('buku/create')
 5 SYSTEMPATH\CodeIgniter.php(951): App\Controllers\Buku->create()
 6 SYSTEMPATH\CodeIgniter.php(497): CodeIgniter\CodeIgniter->runController(Object(App\Controllers\Buku))
 7 SYSTEMPATH\CodeIgniter.php(340): CodeIgniter\CodeIgniter->handleRequest(null, Object(Config\Cache), false)
 8 SYSTEMPATH\Boot.php(417): CodeIgniter\CodeIgniter->run()
 9 SYSTEMPATH\Boot.php(68): CodeIgniter\Boot::runCodeIgniter(Object(CodeIgniter\CodeIgniter))
10 FCPATH\index.php(59): CodeIgniter\Boot::bootWeb(Object(Config\Paths))
DEBUG - 2026-07-25 16:20:38 --> Session: Class initialized using 'CodeIgniter\Session\Handlers\FileHandler' driver.
CRITICAL - 2026-07-25 16:20:38 --> Error: Call to undefined function validation_show_error()
[Method: GET, Route: buku/create]
in APPPATH\Views\buku\create.php on line 17.
 1 SYSTEMPATH\View\View.php(240): include()
 2 SYSTEMPATH\View\View.php(243): CodeIgniter\View\View->CodeIgniter\View\{closure}()
 3 SYSTEMPATH\Common.php(1250): CodeIgniter\View\View->render('buku/create', [], true)
 4 APPPATH\Controllers\Buku.php(18): view('buku/create')
 5 SYSTEMPATH\CodeIgniter.php(951): App\Controllers\Buku->create()
 6 SYSTEMPATH\CodeIgniter.php(497): CodeIgniter\CodeIgniter->runController(Object(App\Controllers\Buku))
 7 SYSTEMPATH\CodeIgniter.php(340): CodeIgniter\CodeIgniter->handleRequest(null, Object(Config\Cache), false)
 8 SYSTEMPATH\Boot.php(417): CodeIgniter\CodeIgniter->run()
 9 SYSTEMPATH\Boot.php(68): CodeIgniter\Boot::runCodeIgniter(Object(CodeIgniter\CodeIgniter))
10 FCPATH\index.php(59): CodeIgniter\Boot::bootWeb(Object(Config\Paths))
DEBUG - 2026-07-25 16:20:45 --> Session: Class initialized using 'CodeIgniter\Session\Handlers\FileHandler' driver.
CRITICAL - 2026-07-25 16:20:45 --> Error: Call to undefined function validation_show_error()
[Method: GET, Route: buku/create]
in APPPATH\Views\buku\create.php on line 17.
 1 SYSTEMPATH\View\View.php(240): include()
 2 SYSTEMPATH\View\View.php(243): CodeIgniter\View\View->CodeIgniter\View\{closure}()
 3 SYSTEMPATH\Common.php(1250): CodeIgniter\View\View->render('buku/create', [], true)
 4 APPPATH\Controllers\Buku.php(18): view('buku/create')
 5 SYSTEMPATH\CodeIgniter.php(951): App\Controllers\Buku->create()
 6 SYSTEMPATH\CodeIgniter.php(497): CodeIgniter\CodeIgniter->runController(Object(App\Controllers\Buku))
 7 SYSTEMPATH\CodeIgniter.php(340): CodeIgniter\CodeIgniter->handleRequest(null, Object(Config\Cache), false)
 8 SYSTEMPATH\Boot.php(417): CodeIgniter\CodeIgniter->run()
 9 SYSTEMPATH\Boot.php(68): CodeIgniter\Boot::runCodeIgniter(Object(CodeIgniter\CodeIgniter))
10 FCPATH\index.php(59): CodeIgniter\Boot::bootWeb(Object(Config\Paths))
DEBUG - 2026-07-25 16:21:21 --> Session: Class initialized using 'CodeIgniter\Session\Handlers\FileHandler' driver.
CRITICAL - 2026-07-25 16:21:21 --> Error: Call to undefined function validation_show_error()
[Method: GET, Route: buku/create]
in APPPATH\Views\buku\create.php on line 17.
 1 SYSTEMPATH\View\View.php(240): include()
 2 SYSTEMPATH\View\View.php(243): CodeIgniter\View\View->CodeIgniter\View\{closure}()
 3 SYSTEMPATH\Common.php(1250): CodeIgniter\View\View->render('buku/create', [], true)
 4 APPPATH\Controllers\Buku.php(18): view('buku/create')
 5 SYSTEMPATH\CodeIgniter.php(951): App\Controllers\Buku->create()
 6 SYSTEMPATH\CodeIgniter.php(497): CodeIgniter\CodeIgniter->runController(Object(App\Controllers\Buku))
 7 SYSTEMPATH\CodeIgniter.php(340): CodeIgniter\CodeIgniter->handleRequest(null, Object(Config\Cache), false)
 8 SYSTEMPATH\Boot.php(417): CodeIgniter\CodeIgniter->run()
 9 SYSTEMPATH\Boot.php(68): CodeIgniter\Boot::runCodeIgniter(Object(CodeIgniter\CodeIgniter))
10 FCPATH\index.php(59): CodeIgniter\Boot::bootWeb(Object(Config\Paths))
DEBUG - 2026-07-25 16:21:22 --> Session: Class initialized using 'CodeIgniter\Session\Handlers\FileHandler' driver.
CRITICAL - 2026-07-25 16:21:22 --> Error: Call to undefined function validation_show_error()
[Method: GET, Route: buku/create]
in APPPATH\Views\buku\create.php on line 17.
 1 SYSTEMPATH\View\View.php(240): include()
 2 SYSTEMPATH\View\View.php(243): CodeIgniter\View\View->CodeIgniter\View\{closure}()
 3 SYSTEMPATH\Common.php(1250): CodeIgniter\View\View->render('buku/create', [], true)
 4 APPPATH\Controllers\Buku.php(18): view('buku/create')
 5 SYSTEMPATH\CodeIgniter.php(951): App\Controllers\Buku->create()
 6 SYSTEMPATH\CodeIgniter.php(497): CodeIgniter\CodeIgniter->runController(Object(App\Controllers\Buku))
 7 SYSTEMPATH\CodeIgniter.php(340): CodeIgniter\CodeIgniter->handleRequest(null, Object(Config\Cache), false)
 8 SYSTEMPATH\Boot.php(417): CodeIgniter\CodeIgniter->run()
 9 SYSTEMPATH\Boot.php(68): CodeIgniter\Boot::runCodeIgniter(Object(CodeIgniter\CodeIgniter))
10 FCPATH\index.php(59): CodeIgniter\Boot::bootWeb(Object(Config\Paths))
DEBUG - 2026-07-25 16:21:23 --> Session: Class initialized using 'CodeIgniter\Session\Handlers\FileHandler' driver.
CRITICAL - 2026-07-25 16:21:23 --> Error: Call to undefined function validation_show_error()
[Method: GET, Route: buku/create]
in APPPATH\Views\buku\create.php on line 17.
 1 SYSTEMPATH\View\View.php(240): include()
 2 SYSTEMPATH\View\View.php(243): CodeIgniter\View\View->CodeIgniter\View\{closure}()
 3 SYSTEMPATH\Common.php(1250): CodeIgniter\View\View->render('buku/create', [], true)
 4 APPPATH\Controllers\Buku.php(18): view('buku/create')
 5 SYSTEMPATH\CodeIgniter.php(951): App\Controllers\Buku->create()
 6 SYSTEMPATH\CodeIgniter.php(497): CodeIgniter\CodeIgniter->runController(Object(App\Controllers\Buku))
 7 SYSTEMPATH\CodeIgniter.php(340): CodeIgniter\CodeIgniter->handleRequest(null, Object(Config\Cache), false)
 8 SYSTEMPATH\Boot.php(417): CodeIgniter\CodeIgniter->run()
 9 SYSTEMPATH\Boot.php(68): CodeIgniter\Boot::runCodeIgniter(Object(CodeIgniter\CodeIgniter))
10 FCPATH\index.php(59): CodeIgniter\Boot::bootWeb(Object(Config\Paths))
DEBUG - 2026-07-25 16:21:24 --> Session: Class initialized using 'CodeIgniter\Session\Handlers\FileHandler' driver.
CRITICAL - 2026-07-25 16:21:24 --> Error: Call to undefined function validation_show_error()
[Method: GET, Route: buku/create]
in APPPATH\Views\buku\create.php on line 17.
 1 SYSTEMPATH\View\View.php(240): include()
 2 SYSTEMPATH\View\View.php(243): CodeIgniter\View\View->CodeIgniter\View\{closure}()
 3 SYSTEMPATH\Common.php(1250): CodeIgniter\View\View->render('buku/create', [], true)
 4 APPPATH\Controllers\Buku.php(18): view('buku/create')
 5 SYSTEMPATH\CodeIgniter.php(951): App\Controllers\Buku->create()
 6 SYSTEMPATH\CodeIgniter.php(497): CodeIgniter\CodeIgniter->runController(Object(App\Controllers\Buku))
 7 SYSTEMPATH\CodeIgniter.php(340): CodeIgniter\CodeIgniter->handleRequest(null, Object(Config\Cache), false)
 8 SYSTEMPATH\Boot.php(417): CodeIgniter\CodeIgniter->run()
 9 SYSTEMPATH\Boot.php(68): CodeIgniter\Boot::runCodeIgniter(Object(CodeIgniter\CodeIgniter))
10 FCPATH\index.php(59): CodeIgniter\Boot::bootWeb(Object(Config\Paths))
DEBUG - 2026-07-25 16:21:24 --> Session: Class initialized using 'CodeIgniter\Session\Handlers\FileHandler' driver.
CRITICAL - 2026-07-25 16:21:24 --> Error: Call to undefined function validation_show_error()
[Method: GET, Route: buku/create]
in APPPATH\Views\buku\create.php on line 17.
 1 SYSTEMPATH\View\View.php(240): include()
 2 SYSTEMPATH\View\View.php(243): CodeIgniter\View\View->CodeIgniter\View\{closure}()
 3 SYSTEMPATH\Common.php(1250): CodeIgniter\View\View->render('buku/create', [], true)
 4 APPPATH\Controllers\Buku.php(18): view('buku/create')
 5 SYSTEMPATH\CodeIgniter.php(951): App\Controllers\Buku->create()
 6 SYSTEMPATH\CodeIgniter.php(497): CodeIgniter\CodeIgniter->runController(Object(App\Controllers\Buku))
 7 SYSTEMPATH\CodeIgniter.php(340): CodeIgniter\CodeIgniter->handleRequest(null, Object(Config\Cache), false)
 8 SYSTEMPATH\Boot.php(417): CodeIgniter\CodeIgniter->run()
 9 SYSTEMPATH\Boot.php(68): CodeIgniter\Boot::runCodeIgniter(Object(CodeIgniter\CodeIgniter))
10 FCPATH\index.php(59): CodeIgniter\Boot::bootWeb(Object(Config\Paths))
DEBUG - 2026-07-25 16:21:24 --> Session: Class initialized using 'CodeIgniter\Session\Handlers\FileHandler' driver.
CRITICAL - 2026-07-25 16:21:24 --> Error: Call to undefined function validation_show_error()
[Method: GET, Route: buku/create]
in APPPATH\Views\buku\create.php on line 17.
 1 SYSTEMPATH\View\View.php(240): include()
 2 SYSTEMPATH\View\View.php(243): CodeIgniter\View\View->CodeIgniter\View\{closure}()
 3 SYSTEMPATH\Common.php(1250): CodeIgniter\View\View->render('buku/create', [], true)
 4 APPPATH\Controllers\Buku.php(18): view('buku/create')
 5 SYSTEMPATH\CodeIgniter.php(951): App\Controllers\Buku->create()
 6 SYSTEMPATH\CodeIgniter.php(497): CodeIgniter\CodeIgniter->runController(Object(App\Controllers\Buku))
 7 SYSTEMPATH\CodeIgniter.php(340): CodeIgniter\CodeIgniter->handleRequest(null, Object(Config\Cache), false)
 8 SYSTEMPATH\Boot.php(417): CodeIgniter\CodeIgniter->run()
 9 SYSTEMPATH\Boot.php(68): CodeIgniter\Boot::runCodeIgniter(Object(CodeIgniter\CodeIgniter))
10 FCPATH\index.php(59): CodeIgniter\Boot::bootWeb(Object(Config\Paths))
DEBUG - 2026-07-25 16:21:24 --> Session: Class initialized using 'CodeIgniter\Session\Handlers\FileHandler' driver.
CRITICAL - 2026-07-25 16:21:24 --> Error: Call to undefined function validation_show_error()
[Method: GET, Route: buku/create]
in APPPATH\Views\buku\create.php on line 17.
 1 SYSTEMPATH\View\View.php(240): include()
 2 SYSTEMPATH\View\View.php(243): CodeIgniter\View\View->CodeIgniter\View\{closure}()
 3 SYSTEMPATH\Common.php(1250): CodeIgniter\View\View->render('buku/create', [], true)
 4 APPPATH\Controllers\Buku.php(18): view('buku/create')
 5 SYSTEMPATH\CodeIgniter.php(951): App\Controllers\Buku->create()
 6 SYSTEMPATH\CodeIgniter.php(497): CodeIgniter\CodeIgniter->runController(Object(App\Controllers\Buku))
 7 SYSTEMPATH\CodeIgniter.php(340): CodeIgniter\CodeIgniter->handleRequest(null, Object(Config\Cache), false)
 8 SYSTEMPATH\Boot.php(417): CodeIgniter\CodeIgniter->run()
 9 SYSTEMPATH\Boot.php(68): CodeIgniter\Boot::runCodeIgniter(Object(CodeIgniter\CodeIgniter))
10 FCPATH\index.php(59): CodeIgniter\Boot::bootWeb(Object(Config\Paths))
DEBUG - 2026-07-25 16:21:25 --> Session: Class initialized using 'CodeIgniter\Session\Handlers\FileHandler' driver.
CRITICAL - 2026-07-25 16:21:25 --> Error: Call to undefined function validation_show_error()
[Method: GET, Route: buku/create]
in APPPATH\Views\buku\create.php on line 17.
 1 SYSTEMPATH\View\View.php(240): include()
 2 SYSTEMPATH\View\View.php(243): CodeIgniter\View\View->CodeIgniter\View\{closure}()
 3 SYSTEMPATH\Common.php(1250): CodeIgniter\View\View->render('buku/create', [], true)
 4 APPPATH\Controllers\Buku.php(18): view('buku/create')
 5 SYSTEMPATH\CodeIgniter.php(951): App\Controllers\Buku->create()
 6 SYSTEMPATH\CodeIgniter.php(497): CodeIgniter\CodeIgniter->runController(Object(App\Controllers\Buku))
 7 SYSTEMPATH\CodeIgniter.php(340): CodeIgniter\CodeIgniter->handleRequest(null, Object(Config\Cache), false)
 8 SYSTEMPATH\Boot.php(417): CodeIgniter\CodeIgniter->run()
 9 SYSTEMPATH\Boot.php(68): CodeIgniter\Boot::runCodeIgniter(Object(CodeIgniter\CodeIgniter))
10 FCPATH\index.php(59): CodeIgniter\Boot::bootWeb(Object(Config\Paths))
DEBUG - 2026-07-25 16:21:25 --> Session: Class initialized using 'CodeIgniter\Session\Handlers\FileHandler' driver.
CRITICAL - 2026-07-25 16:21:25 --> Error: Call to undefined function validation_show_error()
[Method: GET, Route: buku/create]
in APPPATH\Views\buku\create.php on line 17.
 1 SYSTEMPATH\View\View.php(240): include()
 2 SYSTEMPATH\View\View.php(243): CodeIgniter\View\View->CodeIgniter\View\{closure}()
 3 SYSTEMPATH\Common.php(1250): CodeIgniter\View\View->render('buku/create', [], true)
 4 APPPATH\Controllers\Buku.php(18): view('buku/create')
 5 SYSTEMPATH\CodeIgniter.php(951): App\Controllers\Buku->create()
 6 SYSTEMPATH\CodeIgniter.php(497): CodeIgniter\CodeIgniter->runController(Object(App\Controllers\Buku))
 7 SYSTEMPATH\CodeIgniter.php(340): CodeIgniter\CodeIgniter->handleRequest(null, Object(Config\Cache), false)
 8 SYSTEMPATH\Boot.php(417): CodeIgniter\CodeIgniter->run()
 9 SYSTEMPATH\Boot.php(68): CodeIgniter\Boot::runCodeIgniter(Object(CodeIgniter\CodeIgniter))
10 FCPATH\index.php(59): CodeIgniter\Boot::bootWeb(Object(Config\Paths))
DEBUG - 2026-07-25 16:21:25 --> Session: Class initialized using 'CodeIgniter\Session\Handlers\FileHandler' driver.
CRITICAL - 2026-07-25 16:21:25 --> Error: Call to undefined function validation_show_error()
[Method: GET, Route: buku/create]
in APPPATH\Views\buku\create.php on line 17.
 1 SYSTEMPATH\View\View.php(240): include()
 2 SYSTEMPATH\View\View.php(243): CodeIgniter\View\View->CodeIgniter\View\{closure}()
 3 SYSTEMPATH\Common.php(1250): CodeIgniter\View\View->render('buku/create', [], true)
 4 APPPATH\Controllers\Buku.php(18): view('buku/create')
 5 SYSTEMPATH\CodeIgniter.php(951): App\Controllers\Buku->create()
 6 SYSTEMPATH\CodeIgniter.php(497): CodeIgniter\CodeIgniter->runController(Object(App\Controllers\Buku))
 7 SYSTEMPATH\CodeIgniter.php(340): CodeIgniter\CodeIgniter->handleRequest(null, Object(Config\Cache), false)
 8 SYSTEMPATH\Boot.php(417): CodeIgniter\CodeIgniter->run()
 9 SYSTEMPATH\Boot.php(68): CodeIgniter\Boot::runCodeIgniter(Object(CodeIgniter\CodeIgniter))
10 FCPATH\index.php(59): CodeIgniter\Boot::bootWeb(Object(Config\Paths))
DEBUG - 2026-07-25 16:21:25 --> Session: Class initialized using 'CodeIgniter\Session\Handlers\FileHandler' driver.
CRITICAL - 2026-07-25 16:21:25 --> Error: Call to undefined function validation_show_error()
[Method: GET, Route: buku/create]
in APPPATH\Views\buku\create.php on line 17.
 1 SYSTEMPATH\View\View.php(240): include()
 2 SYSTEMPATH\View\View.php(243): CodeIgniter\View\View->CodeIgniter\View\{closure}()
 3 SYSTEMPATH\Common.php(1250): CodeIgniter\View\View->render('buku/create', [], true)
 4 APPPATH\Controllers\Buku.php(18): view('buku/create')
 5 SYSTEMPATH\CodeIgniter.php(951): App\Controllers\Buku->create()
 6 SYSTEMPATH\CodeIgniter.php(497): CodeIgniter\CodeIgniter->runController(Object(App\Controllers\Buku))
 7 SYSTEMPATH\CodeIgniter.php(340): CodeIgniter\CodeIgniter->handleRequest(null, Object(Config\Cache), false)
 8 SYSTEMPATH\Boot.php(417): CodeIgniter\CodeIgniter->run()
 9 SYSTEMPATH\Boot.php(68): CodeIgniter\Boot::runCodeIgniter(Object(CodeIgniter\CodeIgniter))
10 FCPATH\index.php(59): CodeIgniter\Boot::bootWeb(Object(Config\Paths))
DEBUG - 2026-07-25 16:21:26 --> Session: Class initialized using 'CodeIgniter\Session\Handlers\FileHandler' driver.
CRITICAL - 2026-07-25 16:21:26 --> Error: Call to undefined function validation_show_error()
[Method: GET, Route: buku/create]
in APPPATH\Views\buku\create.php on line 17.
 1 SYSTEMPATH\View\View.php(240): include()
 2 SYSTEMPATH\View\View.php(243): CodeIgniter\View\View->CodeIgniter\View\{closure}()
 3 SYSTEMPATH\Common.php(1250): CodeIgniter\View\View->render('buku/create', [], true)
 4 APPPATH\Controllers\Buku.php(18): view('buku/create')
 5 SYSTEMPATH\CodeIgniter.php(951): App\Controllers\Buku->create()
 6 SYSTEMPATH\CodeIgniter.php(497): CodeIgniter\CodeIgniter->runController(Object(App\Controllers\Buku))
 7 SYSTEMPATH\CodeIgniter.php(340): CodeIgniter\CodeIgniter->handleRequest(null, Object(Config\Cache), false)
 8 SYSTEMPATH\Boot.php(417): CodeIgniter\CodeIgniter->run()
 9 SYSTEMPATH\Boot.php(68): CodeIgniter\Boot::runCodeIgniter(Object(CodeIgniter\CodeIgniter))
10 FCPATH\index.php(59): CodeIgniter\Boot::bootWeb(Object(Config\Paths))
DEBUG - 2026-07-25 16:21:26 --> Session: Class initialized using 'CodeIgniter\Session\Handlers\FileHandler' driver.
CRITICAL - 2026-07-25 16:21:26 --> Error: Call to undefined function validation_show_error()
[Method: GET, Route: buku/create]
in APPPATH\Views\buku\create.php on line 17.
 1 SYSTEMPATH\View\View.php(240): include()
 2 SYSTEMPATH\View\View.php(243): CodeIgniter\View\View->CodeIgniter\View\{closure}()
 3 SYSTEMPATH\Common.php(1250): CodeIgniter\View\View->render('buku/create', [], true)
 4 APPPATH\Controllers\Buku.php(18): view('buku/create')
 5 SYSTEMPATH\CodeIgniter.php(951): App\Controllers\Buku->create()
 6 SYSTEMPATH\CodeIgniter.php(497): CodeIgniter\CodeIgniter->runController(Object(App\Controllers\Buku))
 7 SYSTEMPATH\CodeIgniter.php(340): CodeIgniter\CodeIgniter->handleRequest(null, Object(Config\Cache), false)
 8 SYSTEMPATH\Boot.php(417): CodeIgniter\CodeIgniter->run()
 9 SYSTEMPATH\Boot.php(68): CodeIgniter\Boot::runCodeIgniter(Object(CodeIgniter\CodeIgniter))
10 FCPATH\index.php(59): CodeIgniter\Boot::bootWeb(Object(Config\Paths))
DEBUG - 2026-07-25 16:21:26 --> Session: Class initialized using 'CodeIgniter\Session\Handlers\FileHandler' driver.
CRITICAL - 2026-07-25 16:21:26 --> Error: Call to undefined function validation_show_error()
[Method: GET, Route: buku/create]
in APPPATH\Views\buku\create.php on line 17.
 1 SYSTEMPATH\View\View.php(240): include()
 2 SYSTEMPATH\View\View.php(243): CodeIgniter\View\View->CodeIgniter\View\{closure}()
 3 SYSTEMPATH\Common.php(1250): CodeIgniter\View\View->render('buku/create', [], true)
 4 APPPATH\Controllers\Buku.php(18): view('buku/create')
 5 SYSTEMPATH\CodeIgniter.php(951): App\Controllers\Buku->create()
 6 SYSTEMPATH\CodeIgniter.php(497): CodeIgniter\CodeIgniter->runController(Object(App\Controllers\Buku))
 7 SYSTEMPATH\CodeIgniter.php(340): CodeIgniter\CodeIgniter->handleRequest(null, Object(Config\Cache), false)
 8 SYSTEMPATH\Boot.php(417): CodeIgniter\CodeIgniter->run()
 9 SYSTEMPATH\Boot.php(68): CodeIgniter\Boot::runCodeIgniter(Object(CodeIgniter\CodeIgniter))
10 FCPATH\index.php(59): CodeIgniter\Boot::bootWeb(Object(Config\Paths))
DEBUG - 2026-07-25 16:21:27 --> Session: Class initialized using 'CodeIgniter\Session\Handlers\FileHandler' driver.
CRITICAL - 2026-07-25 16:21:27 --> Error: Call to undefined function validation_show_error()
[Method: GET, Route: buku/create]
in APPPATH\Views\buku\create.php on line 17.
 1 SYSTEMPATH\View\View.php(240): include()
 2 SYSTEMPATH\View\View.php(243): CodeIgniter\View\View->CodeIgniter\View\{closure}()
 3 SYSTEMPATH\Common.php(1250): CodeIgniter\View\View->render('buku/create', [], true)
 4 APPPATH\Controllers\Buku.php(18): view('buku/create')
 5 SYSTEMPATH\CodeIgniter.php(951): App\Controllers\Buku->create()
 6 SYSTEMPATH\CodeIgniter.php(497): CodeIgniter\CodeIgniter->runController(Object(App\Controllers\Buku))
 7 SYSTEMPATH\CodeIgniter.php(340): CodeIgniter\CodeIgniter->handleRequest(null, Object(Config\Cache), false)
 8 SYSTEMPATH\Boot.php(417): CodeIgniter\CodeIgniter->run()
 9 SYSTEMPATH\Boot.php(68): CodeIgniter\Boot::runCodeIgniter(Object(CodeIgniter\CodeIgniter))
10 FCPATH\index.php(59): CodeIgniter\Boot::bootWeb(Object(Config\Paths))
DEBUG - 2026-07-25 16:21:27 --> Session: Class initialized using 'CodeIgniter\Session\Handlers\FileHandler' driver.
CRITICAL - 2026-07-25 16:21:27 --> Error: Call to undefined function validation_show_error()
[Method: GET, Route: buku/create]
in APPPATH\Views\buku\create.php on line 17.
 1 SYSTEMPATH\View\View.php(240): include()
 2 SYSTEMPATH\View\View.php(243): CodeIgniter\View\View->CodeIgniter\View\{closure}()
 3 SYSTEMPATH\Common.php(1250): CodeIgniter\View\View->render('buku/create', [], true)
 4 APPPATH\Controllers\Buku.php(18): view('buku/create')
 5 SYSTEMPATH\CodeIgniter.php(951): App\Controllers\Buku->create()
 6 SYSTEMPATH\CodeIgniter.php(497): CodeIgniter\CodeIgniter->runController(Object(App\Controllers\Buku))
 7 SYSTEMPATH\CodeIgniter.php(340): CodeIgniter\CodeIgniter->handleRequest(null, Object(Config\Cache), false)
 8 SYSTEMPATH\Boot.php(417): CodeIgniter\CodeIgniter->run()
 9 SYSTEMPATH\Boot.php(68): CodeIgniter\Boot::runCodeIgniter(Object(CodeIgniter\CodeIgniter))
10 FCPATH\index.php(59): CodeIgniter\Boot::bootWeb(Object(Config\Paths))
DEBUG - 2026-07-25 16:21:27 --> Session: Class initialized using 'CodeIgniter\Session\Handlers\FileHandler' driver.
CRITICAL - 2026-07-25 16:21:27 --> Error: Call to undefined function validation_show_error()
[Method: GET, Route: buku/create]
in APPPATH\Views\buku\create.php on line 17.
 1 SYSTEMPATH\View\View.php(240): include()
 2 SYSTEMPATH\View\View.php(243): CodeIgniter\View\View->CodeIgniter\View\{closure}()
 3 SYSTEMPATH\Common.php(1250): CodeIgniter\View\View->render('buku/create', [], true)
 4 APPPATH\Controllers\Buku.php(18): view('buku/create')
 5 SYSTEMPATH\CodeIgniter.php(951): App\Controllers\Buku->create()
 6 SYSTEMPATH\CodeIgniter.php(497): CodeIgniter\CodeIgniter->runController(Object(App\Controllers\Buku))
 7 SYSTEMPATH\CodeIgniter.php(340): CodeIgniter\CodeIgniter->handleRequest(null, Object(Config\Cache), false)
 8 SYSTEMPATH\Boot.php(417): CodeIgniter\CodeIgniter->run()
 9 SYSTEMPATH\Boot.php(68): CodeIgniter\Boot::runCodeIgniter(Object(CodeIgniter\CodeIgniter))
10 FCPATH\index.php(59): CodeIgniter\Boot::bootWeb(Object(Config\Paths))
DEBUG - 2026-07-25 16:21:28 --> Session: Class initialized using 'CodeIgniter\Session\Handlers\FileHandler' driver.
CRITICAL - 2026-07-25 16:21:28 --> Error: Call to undefined function validation_show_error()
[Method: GET, Route: buku/create]
in APPPATH\Views\buku\create.php on line 17.
 1 SYSTEMPATH\View\View.php(240): include()
 2 SYSTEMPATH\View\View.php(243): CodeIgniter\View\View->CodeIgniter\View\{closure}()
 3 SYSTEMPATH\Common.php(1250): CodeIgniter\View\View->render('buku/create', [], true)
 4 APPPATH\Controllers\Buku.php(18): view('buku/create')
 5 SYSTEMPATH\CodeIgniter.php(951): App\Controllers\Buku->create()
 6 SYSTEMPATH\CodeIgniter.php(497): CodeIgniter\CodeIgniter->runController(Object(App\Controllers\Buku))
 7 SYSTEMPATH\CodeIgniter.php(340): CodeIgniter\CodeIgniter->handleRequest(null, Object(Config\Cache), false)
 8 SYSTEMPATH\Boot.php(417): CodeIgniter\CodeIgniter->run()
 9 SYSTEMPATH\Boot.php(68): CodeIgniter\Boot::runCodeIgniter(Object(CodeIgniter\CodeIgniter))
10 FCPATH\index.php(59): CodeIgniter\Boot::bootWeb(Object(Config\Paths))
DEBUG - 2026-07-25 16:21:28 --> Session: Class initialized using 'CodeIgniter\Session\Handlers\FileHandler' driver.
CRITICAL - 2026-07-25 16:21:28 --> Error: Call to undefined function validation_show_error()
[Method: GET, Route: buku/create]
in APPPATH\Views\buku\create.php on line 17.
 1 SYSTEMPATH\View\View.php(240): include()
 2 SYSTEMPATH\View\View.php(243): CodeIgniter\View\View->CodeIgniter\View\{closure}()
 3 SYSTEMPATH\Common.php(1250): CodeIgniter\View\View->render('buku/create', [], true)
 4 APPPATH\Controllers\Buku.php(18): view('buku/create')
 5 SYSTEMPATH\CodeIgniter.php(951): App\Controllers\Buku->create()
 6 SYSTEMPATH\CodeIgniter.php(497): CodeIgniter\CodeIgniter->runController(Object(App\Controllers\Buku))
 7 SYSTEMPATH\CodeIgniter.php(340): CodeIgniter\CodeIgniter->handleRequest(null, Object(Config\Cache), false)
 8 SYSTEMPATH\Boot.php(417): CodeIgniter\CodeIgniter->run()
 9 SYSTEMPATH\Boot.php(68): CodeIgniter\Boot::runCodeIgniter(Object(CodeIgniter\CodeIgniter))
10 FCPATH\index.php(59): CodeIgniter\Boot::bootWeb(Object(Config\Paths))
DEBUG - 2026-07-25 16:21:28 --> Session: Class initialized using 'CodeIgniter\Session\Handlers\FileHandler' driver.
CRITICAL - 2026-07-25 16:21:28 --> Error: Call to undefined function validation_show_error()
[Method: GET, Route: buku/create]
in APPPATH\Views\buku\create.php on line 17.
 1 SYSTEMPATH\View\View.php(240): include()
 2 SYSTEMPATH\View\View.php(243): CodeIgniter\View\View->CodeIgniter\View\{closure}()
 3 SYSTEMPATH\Common.php(1250): CodeIgniter\View\View->render('buku/create', [], true)
 4 APPPATH\Controllers\Buku.php(18): view('buku/create')
 5 SYSTEMPATH\CodeIgniter.php(951): App\Controllers\Buku->create()
 6 SYSTEMPATH\CodeIgniter.php(497): CodeIgniter\CodeIgniter->runController(Object(App\Controllers\Buku))
 7 SYSTEMPATH\CodeIgniter.php(340): CodeIgniter\CodeIgniter->handleRequest(null, Object(Config\Cache), false)
 8 SYSTEMPATH\Boot.php(417): CodeIgniter\CodeIgniter->run()
 9 SYSTEMPATH\Boot.php(68): CodeIgniter\Boot::runCodeIgniter(Object(CodeIgniter\CodeIgniter))
10 FCPATH\index.php(59): CodeIgniter\Boot::bootWeb(Object(Config\Paths))
DEBUG - 2026-07-25 16:21:29 --> Session: Class initialized using 'CodeIgniter\Session\Handlers\FileHandler' driver.
CRITICAL - 2026-07-25 16:21:29 --> Error: Call to undefined function validation_show_error()
[Method: GET, Route: buku/create]
in APPPATH\Views\buku\create.php on line 17.
 1 SYSTEMPATH\View\View.php(240): include()
 2 SYSTEMPATH\View\View.php(243): CodeIgniter\View\View->CodeIgniter\View\{closure}()
 3 SYSTEMPATH\Common.php(1250): CodeIgniter\View\View->render('buku/create', [], true)
 4 APPPATH\Controllers\Buku.php(18): view('buku/create')
 5 SYSTEMPATH\CodeIgniter.php(951): App\Controllers\Buku->create()
 6 SYSTEMPATH\CodeIgniter.php(497): CodeIgniter\CodeIgniter->runController(Object(App\Controllers\Buku))
 7 SYSTEMPATH\CodeIgniter.php(340): CodeIgniter\CodeIgniter->handleRequest(null, Object(Config\Cache), false)
 8 SYSTEMPATH\Boot.php(417): CodeIgniter\CodeIgniter->run()
 9 SYSTEMPATH\Boot.php(68): CodeIgniter\Boot::runCodeIgniter(Object(CodeIgniter\CodeIgniter))
10 FCPATH\index.php(59): CodeIgniter\Boot::bootWeb(Object(Config\Paths))
DEBUG - 2026-07-25 16:21:29 --> Session: Class initialized using 'CodeIgniter\Session\Handlers\FileHandler' driver.
CRITICAL - 2026-07-25 16:21:29 --> Error: Call to undefined function validation_show_error()
[Method: GET, Route: buku/create]
in APPPATH\Views\buku\create.php on line 17.
 1 SYSTEMPATH\View\View.php(240): include()
 2 SYSTEMPATH\View\View.php(243): CodeIgniter\View\View->CodeIgniter\View\{closure}()
 3 SYSTEMPATH\Common.php(1250): CodeIgniter\View\View->render('buku/create', [], true)
 4 APPPATH\Controllers\Buku.php(18): view('buku/create')
 5 SYSTEMPATH\CodeIgniter.php(951): App\Controllers\Buku->create()
 6 SYSTEMPATH\CodeIgniter.php(497): CodeIgniter\CodeIgniter->runController(Object(App\Controllers\Buku))
 7 SYSTEMPATH\CodeIgniter.php(340): CodeIgniter\CodeIgniter->handleRequest(null, Object(Config\Cache), false)
 8 SYSTEMPATH\Boot.php(417): CodeIgniter\CodeIgniter->run()
 9 SYSTEMPATH\Boot.php(68): CodeIgniter\Boot::runCodeIgniter(Object(CodeIgniter\CodeIgniter))
10 FCPATH\index.php(59): CodeIgniter\Boot::bootWeb(Object(Config\Paths))
DEBUG - 2026-07-25 16:21:29 --> Session: Class initialized using 'CodeIgniter\Session\Handlers\FileHandler' driver.
CRITICAL - 2026-07-25 16:21:29 --> Error: Call to undefined function validation_show_error()
[Method: GET, Route: buku/create]
in APPPATH\Views\buku\create.php on line 17.
 1 SYSTEMPATH\View\View.php(240): include()
 2 SYSTEMPATH\View\View.php(243): CodeIgniter\View\View->CodeIgniter\View\{closure}()
 3 SYSTEMPATH\Common.php(1250): CodeIgniter\View\View->render('buku/create', [], true)
 4 APPPATH\Controllers\Buku.php(18): view('buku/create')
 5 SYSTEMPATH\CodeIgniter.php(951): App\Controllers\Buku->create()
 6 SYSTEMPATH\CodeIgniter.php(497): CodeIgniter\CodeIgniter->runController(Object(App\Controllers\Buku))
 7 SYSTEMPATH\CodeIgniter.php(340): CodeIgniter\CodeIgniter->handleRequest(null, Object(Config\Cache), false)
 8 SYSTEMPATH\Boot.php(417): CodeIgniter\CodeIgniter->run()
 9 SYSTEMPATH\Boot.php(68): CodeIgniter\Boot::runCodeIgniter(Object(CodeIgniter\CodeIgniter))
10 FCPATH\index.php(59): CodeIgniter\Boot::bootWeb(Object(Config\Paths))
DEBUG - 2026-07-25 16:21:29 --> Session: Class initialized using 'CodeIgniter\Session\Handlers\FileHandler' driver.
CRITICAL - 2026-07-25 16:21:29 --> Error: Call to undefined function validation_show_error()
[Method: GET, Route: buku/create]
in APPPATH\Views\buku\create.php on line 17.
 1 SYSTEMPATH\View\View.php(240): include()
 2 SYSTEMPATH\View\View.php(243): CodeIgniter\View\View->CodeIgniter\View\{closure}()
 3 SYSTEMPATH\Common.php(1250): CodeIgniter\View\View->render('buku/create', [], true)
 4 APPPATH\Controllers\Buku.php(18): view('buku/create')
 5 SYSTEMPATH\CodeIgniter.php(951): App\Controllers\Buku->create()
 6 SYSTEMPATH\CodeIgniter.php(497): CodeIgniter\CodeIgniter->runController(Object(App\Controllers\Buku))
 7 SYSTEMPATH\CodeIgniter.php(340): CodeIgniter\CodeIgniter->handleRequest(null, Object(Config\Cache), false)
 8 SYSTEMPATH\Boot.php(417): CodeIgniter\CodeIgniter->run()
 9 SYSTEMPATH\Boot.php(68): CodeIgniter\Boot::runCodeIgniter(Object(CodeIgniter\CodeIgniter))
10 FCPATH\index.php(59): CodeIgniter\Boot::bootWeb(Object(Config\Paths))
DEBUG - 2026-07-25 16:21:29 --> Session: Class initialized using 'CodeIgniter\Session\Handlers\FileHandler' driver.
CRITICAL - 2026-07-25 16:21:29 --> Error: Call to undefined function validation_show_error()
[Method: GET, Route: buku/create]
in APPPATH\Views\buku\create.php on line 17.
 1 SYSTEMPATH\View\View.php(240): include()
 2 SYSTEMPATH\View\View.php(243): CodeIgniter\View\View->CodeIgniter\View\{closure}()
 3 SYSTEMPATH\Common.php(1250): CodeIgniter\View\View->render('buku/create', [], true)
 4 APPPATH\Controllers\Buku.php(18): view('buku/create')
 5 SYSTEMPATH\CodeIgniter.php(951): App\Controllers\Buku->create()
 6 SYSTEMPATH\CodeIgniter.php(497): CodeIgniter\CodeIgniter->runController(Object(App\Controllers\Buku))
 7 SYSTEMPATH\CodeIgniter.php(340): CodeIgniter\CodeIgniter->handleRequest(null, Object(Config\Cache), false)
 8 SYSTEMPATH\Boot.php(417): CodeIgniter\CodeIgniter->run()
 9 SYSTEMPATH\Boot.php(68): CodeIgniter\Boot::runCodeIgniter(Object(CodeIgniter\CodeIgniter))
10 FCPATH\index.php(59): CodeIgniter\Boot::bootWeb(Object(Config\Paths))
DEBUG - 2026-07-25 16:21:30 --> Session: Class initialized using 'CodeIgniter\Session\Handlers\FileHandler' driver.
CRITICAL - 2026-07-25 16:21:30 --> Error: Call to undefined function validation_show_error()
[Method: GET, Route: buku/create]
in APPPATH\Views\buku\create.php on line 17.
 1 SYSTEMPATH\View\View.php(240): include()
 2 SYSTEMPATH\View\View.php(243): CodeIgniter\View\View->CodeIgniter\View\{closure}()
 3 SYSTEMPATH\Common.php(1250): CodeIgniter\View\View->render('buku/create', [], true)
 4 APPPATH\Controllers\Buku.php(18): view('buku/create')
 5 SYSTEMPATH\CodeIgniter.php(951): App\Controllers\Buku->create()
 6 SYSTEMPATH\CodeIgniter.php(497): CodeIgniter\CodeIgniter->runController(Object(App\Controllers\Buku))
 7 SYSTEMPATH\CodeIgniter.php(340): CodeIgniter\CodeIgniter->handleRequest(null, Object(Config\Cache), false)
 8 SYSTEMPATH\Boot.php(417): CodeIgniter\CodeIgniter->run()
 9 SYSTEMPATH\Boot.php(68): CodeIgniter\Boot::runCodeIgniter(Object(CodeIgniter\CodeIgniter))
10 FCPATH\index.php(59): CodeIgniter\Boot::bootWeb(Object(Config\Paths))
DEBUG - 2026-07-25 16:21:30 --> Session: Class initialized using 'CodeIgniter\Session\Handlers\FileHandler' driver.
CRITICAL - 2026-07-25 16:21:30 --> Error: Call to undefined function validation_show_error()
[Method: GET, Route: buku/create]
in APPPATH\Views\buku\create.php on line 17.
 1 SYSTEMPATH\View\View.php(240): include()
 2 SYSTEMPATH\View\View.php(243): CodeIgniter\View\View->CodeIgniter\View\{closure}()
 3 SYSTEMPATH\Common.php(1250): CodeIgniter\View\View->render('buku/create', [], true)
 4 APPPATH\Controllers\Buku.php(18): view('buku/create')
 5 SYSTEMPATH\CodeIgniter.php(951): App\Controllers\Buku->create()
 6 SYSTEMPATH\CodeIgniter.php(497): CodeIgniter\CodeIgniter->runController(Object(App\Controllers\Buku))
 7 SYSTEMPATH\CodeIgniter.php(340): CodeIgniter\CodeIgniter->handleRequest(null, Object(Config\Cache), false)
 8 SYSTEMPATH\Boot.php(417): CodeIgniter\CodeIgniter->run()
 9 SYSTEMPATH\Boot.php(68): CodeIgniter\Boot::runCodeIgniter(Object(CodeIgniter\CodeIgniter))
10 FCPATH\index.php(59): CodeIgniter\Boot::bootWeb(Object(Config\Paths))
DEBUG - 2026-07-25 16:21:31 --> Session: Class initialized using 'CodeIgniter\Session\Handlers\FileHandler' driver.
CRITICAL - 2026-07-25 16:21:31 --> Error: Call to undefined function validation_show_error()
[Method: GET, Route: buku/create]
in APPPATH\Views\buku\create.php on line 17.
 1 SYSTEMPATH\View\View.php(240): include()
 2 SYSTEMPATH\View\View.php(243): CodeIgniter\View\View->CodeIgniter\View\{closure}()
 3 SYSTEMPATH\Common.php(1250): CodeIgniter\View\View->render('buku/create', [], true)
 4 APPPATH\Controllers\Buku.php(18): view('buku/create')
 5 SYSTEMPATH\CodeIgniter.php(951): App\Controllers\Buku->create()
 6 SYSTEMPATH\CodeIgniter.php(497): CodeIgniter\CodeIgniter->runController(Object(App\Controllers\Buku))
 7 SYSTEMPATH\CodeIgniter.php(340): CodeIgniter\CodeIgniter->handleRequest(null, Object(Config\Cache), false)
 8 SYSTEMPATH\Boot.php(417): CodeIgniter\CodeIgniter->run()
 9 SYSTEMPATH\Boot.php(68): CodeIgniter\Boot::runCodeIgniter(Object(CodeIgniter\CodeIgniter))
10 FCPATH\index.php(59): CodeIgniter\Boot::bootWeb(Object(Config\Paths))
DEBUG - 2026-07-25 16:21:31 --> Session: Class initialized using 'CodeIgniter\Session\Handlers\FileHandler' driver.
CRITICAL - 2026-07-25 16:21:31 --> Error: Call to undefined function validation_show_error()
[Method: GET, Route: buku/create]
in APPPATH\Views\buku\create.php on line 17.
 1 SYSTEMPATH\View\View.php(240): include()
 2 SYSTEMPATH\View\View.php(243): CodeIgniter\View\View->CodeIgniter\View\{closure}()
 3 SYSTEMPATH\Common.php(1250): CodeIgniter\View\View->render('buku/create', [], true)
 4 APPPATH\Controllers\Buku.php(18): view('buku/create')
 5 SYSTEMPATH\CodeIgniter.php(951): App\Controllers\Buku->create()
 6 SYSTEMPATH\CodeIgniter.php(497): CodeIgniter\CodeIgniter->runController(Object(App\Controllers\Buku))
 7 SYSTEMPATH\CodeIgniter.php(340): CodeIgniter\CodeIgniter->handleRequest(null, Object(Config\Cache), false)
 8 SYSTEMPATH\Boot.php(417): CodeIgniter\CodeIgniter->run()
 9 SYSTEMPATH\Boot.php(68): CodeIgniter\Boot::runCodeIgniter(Object(CodeIgniter\CodeIgniter))
10 FCPATH\index.php(59): CodeIgniter\Boot::bootWeb(Object(Config\Paths))
DEBUG - 2026-07-25 16:21:31 --> Session: Class initialized using 'CodeIgniter\Session\Handlers\FileHandler' driver.
CRITICAL - 2026-07-25 16:21:31 --> Error: Call to undefined function validation_show_error()
[Method: GET, Route: buku/create]
in APPPATH\Views\buku\create.php on line 17.
 1 SYSTEMPATH\View\View.php(240): include()
 2 SYSTEMPATH\View\View.php(243): CodeIgniter\View\View->CodeIgniter\View\{closure}()
 3 SYSTEMPATH\Common.php(1250): CodeIgniter\View\View->render('buku/create', [], true)
 4 APPPATH\Controllers\Buku.php(18): view('buku/create')
 5 SYSTEMPATH\CodeIgniter.php(951): App\Controllers\Buku->create()
 6 SYSTEMPATH\CodeIgniter.php(497): CodeIgniter\CodeIgniter->runController(Object(App\Controllers\Buku))
 7 SYSTEMPATH\CodeIgniter.php(340): CodeIgniter\CodeIgniter->handleRequest(null, Object(Config\Cache), false)
 8 SYSTEMPATH\Boot.php(417): CodeIgniter\CodeIgniter->run()
 9 SYSTEMPATH\Boot.php(68): CodeIgniter\Boot::runCodeIgniter(Object(CodeIgniter\CodeIgniter))
10 FCPATH\index.php(59): CodeIgniter\Boot::bootWeb(Object(Config\Paths))
DEBUG - 2026-07-25 16:21:32 --> Session: Class initialized using 'CodeIgniter\Session\Handlers\FileHandler' driver.
CRITICAL - 2026-07-25 16:21:32 --> Error: Call to undefined function validation_show_error()
[Method: GET, Route: buku/create]
in APPPATH\Views\buku\create.php on line 17.
 1 SYSTEMPATH\View\View.php(240): include()
 2 SYSTEMPATH\View\View.php(243): CodeIgniter\View\View->CodeIgniter\View\{closure}()
 3 SYSTEMPATH\Common.php(1250): CodeIgniter\View\View->render('buku/create', [], true)
 4 APPPATH\Controllers\Buku.php(18): view('buku/create')
 5 SYSTEMPATH\CodeIgniter.php(951): App\Controllers\Buku->create()
 6 SYSTEMPATH\CodeIgniter.php(497): CodeIgniter\CodeIgniter->runController(Object(App\Controllers\Buku))
 7 SYSTEMPATH\CodeIgniter.php(340): CodeIgniter\CodeIgniter->handleRequest(null, Object(Config\Cache), false)
 8 SYSTEMPATH\Boot.php(417): CodeIgniter\CodeIgniter->run()
 9 SYSTEMPATH\Boot.php(68): CodeIgniter\Boot::runCodeIgniter(Object(CodeIgniter\CodeIgniter))
10 FCPATH\index.php(59): CodeIgniter\Boot::bootWeb(Object(Config\Paths))
DEBUG - 2026-07-25 16:21:32 --> Session: Class initialized using 'CodeIgniter\Session\Handlers\FileHandler' driver.
CRITICAL - 2026-07-25 16:21:32 --> Error: Call to undefined function validation_show_error()
[Method: GET, Route: buku/create]
in APPPATH\Views\buku\create.php on line 17.
 1 SYSTEMPATH\View\View.php(240): include()
 2 SYSTEMPATH\View\View.php(243): CodeIgniter\View\View->CodeIgniter\View\{closure}()
 3 SYSTEMPATH\Common.php(1250): CodeIgniter\View\View->render('buku/create', [], true)
 4 APPPATH\Controllers\Buku.php(18): view('buku/create')
 5 SYSTEMPATH\CodeIgniter.php(951): App\Controllers\Buku->create()
 6 SYSTEMPATH\CodeIgniter.php(497): CodeIgniter\CodeIgniter->runController(Object(App\Controllers\Buku))
 7 SYSTEMPATH\CodeIgniter.php(340): CodeIgniter\CodeIgniter->handleRequest(null, Object(Config\Cache), false)
 8 SYSTEMPATH\Boot.php(417): CodeIgniter\CodeIgniter->run()
 9 SYSTEMPATH\Boot.php(68): CodeIgniter\Boot::runCodeIgniter(Object(CodeIgniter\CodeIgniter))
10 FCPATH\index.php(59): CodeIgniter\Boot::bootWeb(Object(Config\Paths))
DEBUG - 2026-07-25 16:21:32 --> Session: Class initialized using 'CodeIgniter\Session\Handlers\FileHandler' driver.
CRITICAL - 2026-07-25 16:21:32 --> Error: Call to undefined function validation_show_error()
[Method: GET, Route: buku/create]
in APPPATH\Views\buku\create.php on line 17.
 1 SYSTEMPATH\View\View.php(240): include()
 2 SYSTEMPATH\View\View.php(243): CodeIgniter\View\View->CodeIgniter\View\{closure}()
 3 SYSTEMPATH\Common.php(1250): CodeIgniter\View\View->render('buku/create', [], true)
 4 APPPATH\Controllers\Buku.php(18): view('buku/create')
 5 SYSTEMPATH\CodeIgniter.php(951): App\Controllers\Buku->create()
 6 SYSTEMPATH\CodeIgniter.php(497): CodeIgniter\CodeIgniter->runController(Object(App\Controllers\Buku))
 7 SYSTEMPATH\CodeIgniter.php(340): CodeIgniter\CodeIgniter->handleRequest(null, Object(Config\Cache), false)
 8 SYSTEMPATH\Boot.php(417): CodeIgniter\CodeIgniter->run()
 9 SYSTEMPATH\Boot.php(68): CodeIgniter\Boot::runCodeIgniter(Object(CodeIgniter\CodeIgniter))
10 FCPATH\index.php(59): CodeIgniter\Boot::bootWeb(Object(Config\Paths))
DEBUG - 2026-07-25 16:21:32 --> Session: Class initialized using 'CodeIgniter\Session\Handlers\FileHandler' driver.
CRITICAL - 2026-07-25 16:21:32 --> Error: Call to undefined function validation_show_error()
[Method: GET, Route: buku/create]
in APPPATH\Views\buku\create.php on line 17.
 1 SYSTEMPATH\View\View.php(240): include()
 2 SYSTEMPATH\View\View.php(243): CodeIgniter\View\View->CodeIgniter\View\{closure}()
 3 SYSTEMPATH\Common.php(1250): CodeIgniter\View\View->render('buku/create', [], true)
 4 APPPATH\Controllers\Buku.php(18): view('buku/create')
 5 SYSTEMPATH\CodeIgniter.php(951): App\Controllers\Buku->create()
 6 SYSTEMPATH\CodeIgniter.php(497): CodeIgniter\CodeIgniter->runController(Object(App\Controllers\Buku))
 7 SYSTEMPATH\CodeIgniter.php(340): CodeIgniter\CodeIgniter->handleRequest(null, Object(Config\Cache), false)
 8 SYSTEMPATH\Boot.php(417): CodeIgniter\CodeIgniter->run()
 9 SYSTEMPATH\Boot.php(68): CodeIgniter\Boot::runCodeIgniter(Object(CodeIgniter\CodeIgniter))
10 FCPATH\index.php(59): CodeIgniter\Boot::bootWeb(Object(Config\Paths))
DEBUG - 2026-07-25 16:21:33 --> Session: Class initialized using 'CodeIgniter\Session\Handlers\FileHandler' driver.
CRITICAL - 2026-07-25 16:21:33 --> Error: Call to undefined function validation_show_error()
[Method: GET, Route: buku/create]
in APPPATH\Views\buku\create.php on line 17.
 1 SYSTEMPATH\View\View.php(240): include()
 2 SYSTEMPATH\View\View.php(243): CodeIgniter\View\View->CodeIgniter\View\{closure}()
 3 SYSTEMPATH\Common.php(1250): CodeIgniter\View\View->render('buku/create', [], true)
 4 APPPATH\Controllers\Buku.php(18): view('buku/create')
 5 SYSTEMPATH\CodeIgniter.php(951): App\Controllers\Buku->create()
 6 SYSTEMPATH\CodeIgniter.php(497): CodeIgniter\CodeIgniter->runController(Object(App\Controllers\Buku))
 7 SYSTEMPATH\CodeIgniter.php(340): CodeIgniter\CodeIgniter->handleRequest(null, Object(Config\Cache), false)
 8 SYSTEMPATH\Boot.php(417): CodeIgniter\CodeIgniter->run()
 9 SYSTEMPATH\Boot.php(68): CodeIgniter\Boot::runCodeIgniter(Object(CodeIgniter\CodeIgniter))
10 FCPATH\index.php(59): CodeIgniter\Boot::bootWeb(Object(Config\Paths))
DEBUG - 2026-07-25 16:21:33 --> Session: Class initialized using 'CodeIgniter\Session\Handlers\FileHandler' driver.
CRITICAL - 2026-07-25 16:21:33 --> Error: Call to undefined function validation_show_error()
[Method: GET, Route: buku/create]
in APPPATH\Views\buku\create.php on line 17.
 1 SYSTEMPATH\View\View.php(240): include()
 2 SYSTEMPATH\View\View.php(243): CodeIgniter\View\View->CodeIgniter\View\{closure}()
 3 SYSTEMPATH\Common.php(1250): CodeIgniter\View\View->render('buku/create', [], true)
 4 APPPATH\Controllers\Buku.php(18): view('buku/create')
 5 SYSTEMPATH\CodeIgniter.php(951): App\Controllers\Buku->create()
 6 SYSTEMPATH\CodeIgniter.php(497): CodeIgniter\CodeIgniter->runController(Object(App\Controllers\Buku))
 7 SYSTEMPATH\CodeIgniter.php(340): CodeIgniter\CodeIgniter->handleRequest(null, Object(Config\Cache), false)
 8 SYSTEMPATH\Boot.php(417): CodeIgniter\CodeIgniter->run()
 9 SYSTEMPATH\Boot.php(68): CodeIgniter\Boot::runCodeIgniter(Object(CodeIgniter\CodeIgniter))
10 FCPATH\index.php(59): CodeIgniter\Boot::bootWeb(Object(Config\Paths))
DEBUG - 2026-07-25 16:21:33 --> Session: Class initialized using 'CodeIgniter\Session\Handlers\FileHandler' driver.
CRITICAL - 2026-07-25 16:21:33 --> Error: Call to undefined function validation_show_error()
[Method: GET, Route: buku/create]
in APPPATH\Views\buku\create.php on line 17.
 1 SYSTEMPATH\View\View.php(240): include()
 2 SYSTEMPATH\View\View.php(243): CodeIgniter\View\View->CodeIgniter\View\{closure}()
 3 SYSTEMPATH\Common.php(1250): CodeIgniter\View\View->render('buku/create', [], true)
 4 APPPATH\Controllers\Buku.php(18): view('buku/create')
 5 SYSTEMPATH\CodeIgniter.php(951): App\Controllers\Buku->create()
 6 SYSTEMPATH\CodeIgniter.php(497): CodeIgniter\CodeIgniter->runController(Object(App\Controllers\Buku))
 7 SYSTEMPATH\CodeIgniter.php(340): CodeIgniter\CodeIgniter->handleRequest(null, Object(Config\Cache), false)
 8 SYSTEMPATH\Boot.php(417): CodeIgniter\CodeIgniter->run()
 9 SYSTEMPATH\Boot.php(68): CodeIgniter\Boot::runCodeIgniter(Object(CodeIgniter\CodeIgniter))
10 FCPATH\index.php(59): CodeIgniter\Boot::bootWeb(Object(Config\Paths))
DEBUG - 2026-07-25 16:21:33 --> Session: Class initialized using 'CodeIgniter\Session\Handlers\FileHandler' driver.
CRITICAL - 2026-07-25 16:21:33 --> Error: Call to undefined function validation_show_error()
[Method: GET, Route: buku/create]
in APPPATH\Views\buku\create.php on line 17.
 1 SYSTEMPATH\View\View.php(240): include()
 2 SYSTEMPATH\View\View.php(243): CodeIgniter\View\View->CodeIgniter\View\{closure}()
 3 SYSTEMPATH\Common.php(1250): CodeIgniter\View\View->render('buku/create', [], true)
 4 APPPATH\Controllers\Buku.php(18): view('buku/create')
 5 SYSTEMPATH\CodeIgniter.php(951): App\Controllers\Buku->create()
 6 SYSTEMPATH\CodeIgniter.php(497): CodeIgniter\CodeIgniter->runController(Object(App\Controllers\Buku))
 7 SYSTEMPATH\CodeIgniter.php(340): CodeIgniter\CodeIgniter->handleRequest(null, Object(Config\Cache), false)
 8 SYSTEMPATH\Boot.php(417): CodeIgniter\CodeIgniter->run()
 9 SYSTEMPATH\Boot.php(68): CodeIgniter\Boot::runCodeIgniter(Object(CodeIgniter\CodeIgniter))
10 FCPATH\index.php(59): CodeIgniter\Boot::bootWeb(Object(Config\Paths))
DEBUG - 2026-07-25 16:21:34 --> Session: Class initialized using 'CodeIgniter\Session\Handlers\FileHandler' driver.
CRITICAL - 2026-07-25 16:21:34 --> Error: Call to undefined function validation_show_error()
[Method: GET, Route: buku/create]
in APPPATH\Views\buku\create.php on line 17.
 1 SYSTEMPATH\View\View.php(240): include()
 2 SYSTEMPATH\View\View.php(243): CodeIgniter\View\View->CodeIgniter\View\{closure}()
 3 SYSTEMPATH\Common.php(1250): CodeIgniter\View\View->render('buku/create', [], true)
 4 APPPATH\Controllers\Buku.php(18): view('buku/create')
 5 SYSTEMPATH\CodeIgniter.php(951): App\Controllers\Buku->create()
 6 SYSTEMPATH\CodeIgniter.php(497): CodeIgniter\CodeIgniter->runController(Object(App\Controllers\Buku))
 7 SYSTEMPATH\CodeIgniter.php(340): CodeIgniter\CodeIgniter->handleRequest(null, Object(Config\Cache), false)
 8 SYSTEMPATH\Boot.php(417): CodeIgniter\CodeIgniter->run()
 9 SYSTEMPATH\Boot.php(68): CodeIgniter\Boot::runCodeIgniter(Object(CodeIgniter\CodeIgniter))
10 FCPATH\index.php(59): CodeIgniter\Boot::bootWeb(Object(Config\Paths))
DEBUG - 2026-07-25 16:21:34 --> Session: Class initialized using 'CodeIgniter\Session\Handlers\FileHandler' driver.
CRITICAL - 2026-07-25 16:21:34 --> Error: Call to undefined function validation_show_error()
[Method: GET, Route: buku/create]
in APPPATH\Views\buku\create.php on line 17.
 1 SYSTEMPATH\View\View.php(240): include()
 2 SYSTEMPATH\View\View.php(243): CodeIgniter\View\View->CodeIgniter\View\{closure}()
 3 SYSTEMPATH\Common.php(1250): CodeIgniter\View\View->render('buku/create', [], true)
 4 APPPATH\Controllers\Buku.php(18): view('buku/create')
 5 SYSTEMPATH\CodeIgniter.php(951): App\Controllers\Buku->create()
 6 SYSTEMPATH\CodeIgniter.php(497): CodeIgniter\CodeIgniter->runController(Object(App\Controllers\Buku))
 7 SYSTEMPATH\CodeIgniter.php(340): CodeIgniter\CodeIgniter->handleRequest(null, Object(Config\Cache), false)
 8 SYSTEMPATH\Boot.php(417): CodeIgniter\CodeIgniter->run()
 9 SYSTEMPATH\Boot.php(68): CodeIgniter\Boot::runCodeIgniter(Object(CodeIgniter\CodeIgniter))
10 FCPATH\index.php(59): CodeIgniter\Boot::bootWeb(Object(Config\Paths))
DEBUG - 2026-07-25 16:21:35 --> Session: Class initialized using 'CodeIgniter\Session\Handlers\FileHandler' driver.
CRITICAL - 2026-07-25 16:21:35 --> Error: Call to undefined function validation_show_error()
[Method: GET, Route: buku/create]
in APPPATH\Views\buku\create.php on line 17.
 1 SYSTEMPATH\View\View.php(240): include()
 2 SYSTEMPATH\View\View.php(243): CodeIgniter\View\View->CodeIgniter\View\{closure}()
 3 SYSTEMPATH\Common.php(1250): CodeIgniter\View\View->render('buku/create', [], true)
 4 APPPATH\Controllers\Buku.php(18): view('buku/create')
 5 SYSTEMPATH\CodeIgniter.php(951): App\Controllers\Buku->create()
 6 SYSTEMPATH\CodeIgniter.php(497): CodeIgniter\CodeIgniter->runController(Object(App\Controllers\Buku))
 7 SYSTEMPATH\CodeIgniter.php(340): CodeIgniter\CodeIgniter->handleRequest(null, Object(Config\Cache), false)
 8 SYSTEMPATH\Boot.php(417): CodeIgniter\CodeIgniter->run()
 9 SYSTEMPATH\Boot.php(68): CodeIgniter\Boot::runCodeIgniter(Object(CodeIgniter\CodeIgniter))
10 FCPATH\index.php(59): CodeIgniter\Boot::bootWeb(Object(Config\Paths))
DEBUG - 2026-07-25 16:21:35 --> Session: Class initialized using 'CodeIgniter\Session\Handlers\FileHandler' driver.
CRITICAL - 2026-07-25 16:21:35 --> Error: Call to undefined function validation_show_error()
[Method: GET, Route: buku/create]
in APPPATH\Views\buku\create.php on line 17.
 1 SYSTEMPATH\View\View.php(240): include()
 2 SYSTEMPATH\View\View.php(243): CodeIgniter\View\View->CodeIgniter\View\{closure}()
 3 SYSTEMPATH\Common.php(1250): CodeIgniter\View\View->render('buku/create', [], true)
 4 APPPATH\Controllers\Buku.php(18): view('buku/create')
 5 SYSTEMPATH\CodeIgniter.php(951): App\Controllers\Buku->create()
 6 SYSTEMPATH\CodeIgniter.php(497): CodeIgniter\CodeIgniter->runController(Object(App\Controllers\Buku))
 7 SYSTEMPATH\CodeIgniter.php(340): CodeIgniter\CodeIgniter->handleRequest(null, Object(Config\Cache), false)
 8 SYSTEMPATH\Boot.php(417): CodeIgniter\CodeIgniter->run()
 9 SYSTEMPATH\Boot.php(68): CodeIgniter\Boot::runCodeIgniter(Object(CodeIgniter\CodeIgniter))
10 FCPATH\index.php(59): CodeIgniter\Boot::bootWeb(Object(Config\Paths))
DEBUG - 2026-07-25 16:21:35 --> Session: Class initialized using 'CodeIgniter\Session\Handlers\FileHandler' driver.
CRITICAL - 2026-07-25 16:21:35 --> Error: Call to undefined function validation_show_error()
[Method: GET, Route: buku/create]
in APPPATH\Views\buku\create.php on line 17.
 1 SYSTEMPATH\View\View.php(240): include()
 2 SYSTEMPATH\View\View.php(243): CodeIgniter\View\View->CodeIgniter\View\{closure}()
 3 SYSTEMPATH\Common.php(1250): CodeIgniter\View\View->render('buku/create', [], true)
 4 APPPATH\Controllers\Buku.php(18): view('buku/create')
 5 SYSTEMPATH\CodeIgniter.php(951): App\Controllers\Buku->create()
 6 SYSTEMPATH\CodeIgniter.php(497): CodeIgniter\CodeIgniter->runController(Object(App\Controllers\Buku))
 7 SYSTEMPATH\CodeIgniter.php(340): CodeIgniter\CodeIgniter->handleRequest(null, Object(Config\Cache), false)
 8 SYSTEMPATH\Boot.php(417): CodeIgniter\CodeIgniter->run()
 9 SYSTEMPATH\Boot.php(68): CodeIgniter\Boot::runCodeIgniter(Object(CodeIgniter\CodeIgniter))
10 FCPATH\index.php(59): CodeIgniter\Boot::bootWeb(Object(Config\Paths))
DEBUG - 2026-07-25 16:21:35 --> Session: Class initialized using 'CodeIgniter\Session\Handlers\FileHandler' driver.
CRITICAL - 2026-07-25 16:21:35 --> Error: Call to undefined function validation_show_error()
[Method: GET, Route: buku/create]
in APPPATH\Views\buku\create.php on line 17.
 1 SYSTEMPATH\View\View.php(240): include()
 2 SYSTEMPATH\View\View.php(243): CodeIgniter\View\View->CodeIgniter\View\{closure}()
 3 SYSTEMPATH\Common.php(1250): CodeIgniter\View\View->render('buku/create', [], true)
 4 APPPATH\Controllers\Buku.php(18): view('buku/create')
 5 SYSTEMPATH\CodeIgniter.php(951): App\Controllers\Buku->create()
 6 SYSTEMPATH\CodeIgniter.php(497): CodeIgniter\CodeIgniter->runController(Object(App\Controllers\Buku))
 7 SYSTEMPATH\CodeIgniter.php(340): CodeIgniter\CodeIgniter->handleRequest(null, Object(Config\Cache), false)
 8 SYSTEMPATH\Boot.php(417): CodeIgniter\CodeIgniter->run()
 9 SYSTEMPATH\Boot.php(68): CodeIgniter\Boot::runCodeIgniter(Object(CodeIgniter\CodeIgniter))
10 FCPATH\index.php(59): CodeIgniter\Boot::bootWeb(Object(Config\Paths))
DEBUG - 2026-07-25 16:21:36 --> Session: Class initialized using 'CodeIgniter\Session\Handlers\FileHandler' driver.
CRITICAL - 2026-07-25 16:21:36 --> Error: Call to undefined function validation_show_error()
[Method: GET, Route: buku/create]
in APPPATH\Views\buku\create.php on line 17.
 1 SYSTEMPATH\View\View.php(240): include()
 2 SYSTEMPATH\View\View.php(243): CodeIgniter\View\View->CodeIgniter\View\{closure}()
 3 SYSTEMPATH\Common.php(1250): CodeIgniter\View\View->render('buku/create', [], true)
 4 APPPATH\Controllers\Buku.php(18): view('buku/create')
 5 SYSTEMPATH\CodeIgniter.php(951): App\Controllers\Buku->create()
 6 SYSTEMPATH\CodeIgniter.php(497): CodeIgniter\CodeIgniter->runController(Object(App\Controllers\Buku))
 7 SYSTEMPATH\CodeIgniter.php(340): CodeIgniter\CodeIgniter->handleRequest(null, Object(Config\Cache), false)
 8 SYSTEMPATH\Boot.php(417): CodeIgniter\CodeIgniter->run()
 9 SYSTEMPATH\Boot.php(68): CodeIgniter\Boot::runCodeIgniter(Object(CodeIgniter\CodeIgniter))
10 FCPATH\index.php(59): CodeIgniter\Boot::bootWeb(Object(Config\Paths))
DEBUG - 2026-07-25 16:21:36 --> Session: Class initialized using 'CodeIgniter\Session\Handlers\FileHandler' driver.
CRITICAL - 2026-07-25 16:21:36 --> Error: Call to undefined function validation_show_error()
[Method: GET, Route: buku/create]
in APPPATH\Views\buku\create.php on line 17.
 1 SYSTEMPATH\View\View.php(240): include()
 2 SYSTEMPATH\View\View.php(243): CodeIgniter\View\View->CodeIgniter\View\{closure}()
 3 SYSTEMPATH\Common.php(1250): CodeIgniter\View\View->render('buku/create', [], true)
 4 APPPATH\Controllers\Buku.php(18): view('buku/create')
 5 SYSTEMPATH\CodeIgniter.php(951): App\Controllers\Buku->create()
 6 SYSTEMPATH\CodeIgniter.php(497): CodeIgniter\CodeIgniter->runController(Object(App\Controllers\Buku))
 7 SYSTEMPATH\CodeIgniter.php(340): CodeIgniter\CodeIgniter->handleRequest(null, Object(Config\Cache), false)
 8 SYSTEMPATH\Boot.php(417): CodeIgniter\CodeIgniter->run()
 9 SYSTEMPATH\Boot.php(68): CodeIgniter\Boot::runCodeIgniter(Object(CodeIgniter\CodeIgniter))
10 FCPATH\index.php(59): CodeIgniter\Boot::bootWeb(Object(Config\Paths))
DEBUG - 2026-07-25 16:21:36 --> Session: Class initialized using 'CodeIgniter\Session\Handlers\FileHandler' driver.
CRITICAL - 2026-07-25 16:21:36 --> Error: Call to undefined function validation_show_error()
[Method: GET, Route: buku/create]
in APPPATH\Views\buku\create.php on line 17.
 1 SYSTEMPATH\View\View.php(240): include()
 2 SYSTEMPATH\View\View.php(243): CodeIgniter\View\View->CodeIgniter\View\{closure}()
 3 SYSTEMPATH\Common.php(1250): CodeIgniter\View\View->render('buku/create', [], true)
 4 APPPATH\Controllers\Buku.php(18): view('buku/create')
 5 SYSTEMPATH\CodeIgniter.php(951): App\Controllers\Buku->create()
 6 SYSTEMPATH\CodeIgniter.php(497): CodeIgniter\CodeIgniter->runController(Object(App\Controllers\Buku))
 7 SYSTEMPATH\CodeIgniter.php(340): CodeIgniter\CodeIgniter->handleRequest(null, Object(Config\Cache), false)
 8 SYSTEMPATH\Boot.php(417): CodeIgniter\CodeIgniter->run()
 9 SYSTEMPATH\Boot.php(68): CodeIgniter\Boot::runCodeIgniter(Object(CodeIgniter\CodeIgniter))
10 FCPATH\index.php(59): CodeIgniter\Boot::bootWeb(Object(Config\Paths))
DEBUG - 2026-07-25 16:21:36 --> Session: Class initialized using 'CodeIgniter\Session\Handlers\FileHandler' driver.
CRITICAL - 2026-07-25 16:21:36 --> Error: Call to undefined function validation_show_error()
[Method: GET, Route: buku/create]
in APPPATH\Views\buku\create.php on line 17.
 1 SYSTEMPATH\View\View.php(240): include()
 2 SYSTEMPATH\View\View.php(243): CodeIgniter\View\View->CodeIgniter\View\{closure}()
 3 SYSTEMPATH\Common.php(1250): CodeIgniter\View\View->render('buku/create', [], true)
 4 APPPATH\Controllers\Buku.php(18): view('buku/create')
 5 SYSTEMPATH\CodeIgniter.php(951): App\Controllers\Buku->create()
 6 SYSTEMPATH\CodeIgniter.php(497): CodeIgniter\CodeIgniter->runController(Object(App\Controllers\Buku))
 7 SYSTEMPATH\CodeIgniter.php(340): CodeIgniter\CodeIgniter->handleRequest(null, Object(Config\Cache), false)
 8 SYSTEMPATH\Boot.php(417): CodeIgniter\CodeIgniter->run()
 9 SYSTEMPATH\Boot.php(68): CodeIgniter\Boot::runCodeIgniter(Object(CodeIgniter\CodeIgniter))
10 FCPATH\index.php(59): CodeIgniter\Boot::bootWeb(Object(Config\Paths))
DEBUG - 2026-07-25 16:21:37 --> Session: Class initialized using 'CodeIgniter\Session\Handlers\FileHandler' driver.
CRITICAL - 2026-07-25 16:21:37 --> Error: Call to undefined function validation_show_error()
[Method: GET, Route: buku/create]
in APPPATH\Views\buku\create.php on line 17.
 1 SYSTEMPATH\View\View.php(240): include()
 2 SYSTEMPATH\View\View.php(243): CodeIgniter\View\View->CodeIgniter\View\{closure}()
 3 SYSTEMPATH\Common.php(1250): CodeIgniter\View\View->render('buku/create', [], true)
 4 APPPATH\Controllers\Buku.php(18): view('buku/create')
 5 SYSTEMPATH\CodeIgniter.php(951): App\Controllers\Buku->create()
 6 SYSTEMPATH\CodeIgniter.php(497): CodeIgniter\CodeIgniter->runController(Object(App\Controllers\Buku))
 7 SYSTEMPATH\CodeIgniter.php(340): CodeIgniter\CodeIgniter->handleRequest(null, Object(Config\Cache), false)
 8 SYSTEMPATH\Boot.php(417): CodeIgniter\CodeIgniter->run()
 9 SYSTEMPATH\Boot.php(68): CodeIgniter\Boot::runCodeIgniter(Object(CodeIgniter\CodeIgniter))
10 FCPATH\index.php(59): CodeIgniter\Boot::bootWeb(Object(Config\Paths))
DEBUG - 2026-07-25 16:21:37 --> Session: Class initialized using 'CodeIgniter\Session\Handlers\FileHandler' driver.
CRITICAL - 2026-07-25 16:21:37 --> Error: Call to undefined function validation_show_error()
[Method: GET, Route: buku/create]
in APPPATH\Views\buku\create.php on line 17.
 1 SYSTEMPATH\View\View.php(240): include()
 2 SYSTEMPATH\View\View.php(243): CodeIgniter\View\View->CodeIgniter\View\{closure}()
 3 SYSTEMPATH\Common.php(1250): CodeIgniter\View\View->render('buku/create', [], true)
 4 APPPATH\Controllers\Buku.php(18): view('buku/create')
 5 SYSTEMPATH\CodeIgniter.php(951): App\Controllers\Buku->create()
 6 SYSTEMPATH\CodeIgniter.php(497): CodeIgniter\CodeIgniter->runController(Object(App\Controllers\Buku))
 7 SYSTEMPATH\CodeIgniter.php(340): CodeIgniter\CodeIgniter->handleRequest(null, Object(Config\Cache), false)
 8 SYSTEMPATH\Boot.php(417): CodeIgniter\CodeIgniter->run()
 9 SYSTEMPATH\Boot.php(68): CodeIgniter\Boot::runCodeIgniter(Object(CodeIgniter\CodeIgniter))
10 FCPATH\index.php(59): CodeIgniter\Boot::bootWeb(Object(Config\Paths))
DEBUG - 2026-07-25 16:21:37 --> Session: Class initialized using 'CodeIgniter\Session\Handlers\FileHandler' driver.
CRITICAL - 2026-07-25 16:21:37 --> Error: Call to undefined function validation_show_error()
[Method: GET, Route: buku/create]
in APPPATH\Views\buku\create.php on line 17.
 1 SYSTEMPATH\View\View.php(240): include()
 2 SYSTEMPATH\View\View.php(243): CodeIgniter\View\View->CodeIgniter\View\{closure}()
 3 SYSTEMPATH\Common.php(1250): CodeIgniter\View\View->render('buku/create', [], true)
 4 APPPATH\Controllers\Buku.php(18): view('buku/create')
 5 SYSTEMPATH\CodeIgniter.php(951): App\Controllers\Buku->create()
 6 SYSTEMPATH\CodeIgniter.php(497): CodeIgniter\CodeIgniter->runController(Object(App\Controllers\Buku))
 7 SYSTEMPATH\CodeIgniter.php(340): CodeIgniter\CodeIgniter->handleRequest(null, Object(Config\Cache), false)
 8 SYSTEMPATH\Boot.php(417): CodeIgniter\CodeIgniter->run()
 9 SYSTEMPATH\Boot.php(68): CodeIgniter\Boot::runCodeIgniter(Object(CodeIgniter\CodeIgniter))
10 FCPATH\index.php(59): CodeIgniter\Boot::bootWeb(Object(Config\Paths))
DEBUG - 2026-07-25 16:21:37 --> Session: Class initialized using 'CodeIgniter\Session\Handlers\FileHandler' driver.
CRITICAL - 2026-07-25 16:21:37 --> Error: Call to undefined function validation_show_error()
[Method: GET, Route: buku/create]
in APPPATH\Views\buku\create.php on line 17.
 1 SYSTEMPATH\View\View.php(240): include()
 2 SYSTEMPATH\View\View.php(243): CodeIgniter\View\View->CodeIgniter\View\{closure}()
 3 SYSTEMPATH\Common.php(1250): CodeIgniter\View\View->render('buku/create', [], true)
 4 APPPATH\Controllers\Buku.php(18): view('buku/create')
 5 SYSTEMPATH\CodeIgniter.php(951): App\Controllers\Buku->create()
 6 SYSTEMPATH\CodeIgniter.php(497): CodeIgniter\CodeIgniter->runController(Object(App\Controllers\Buku))
 7 SYSTEMPATH\CodeIgniter.php(340): CodeIgniter\CodeIgniter->handleRequest(null, Object(Config\Cache), false)
 8 SYSTEMPATH\Boot.php(417): CodeIgniter\CodeIgniter->run()
 9 SYSTEMPATH\Boot.php(68): CodeIgniter\Boot::runCodeIgniter(Object(CodeIgniter\CodeIgniter))
10 FCPATH\index.php(59): CodeIgniter\Boot::bootWeb(Object(Config\Paths))
DEBUG - 2026-07-25 16:21:38 --> Session: Class initialized using 'CodeIgniter\Session\Handlers\FileHandler' driver.
CRITICAL - 2026-07-25 16:21:38 --> Error: Call to undefined function validation_show_error()
[Method: GET, Route: buku/create]
in APPPATH\Views\buku\create.php on line 17.
 1 SYSTEMPATH\View\View.php(240): include()
 2 SYSTEMPATH\View\View.php(243): CodeIgniter\View\View->CodeIgniter\View\{closure}()
 3 SYSTEMPATH\Common.php(1250): CodeIgniter\View\View->render('buku/create', [], true)
 4 APPPATH\Controllers\Buku.php(18): view('buku/create')
 5 SYSTEMPATH\CodeIgniter.php(951): App\Controllers\Buku->create()
 6 SYSTEMPATH\CodeIgniter.php(497): CodeIgniter\CodeIgniter->runController(Object(App\Controllers\Buku))
 7 SYSTEMPATH\CodeIgniter.php(340): CodeIgniter\CodeIgniter->handleRequest(null, Object(Config\Cache), false)
 8 SYSTEMPATH\Boot.php(417): CodeIgniter\CodeIgniter->run()
 9 SYSTEMPATH\Boot.php(68): CodeIgniter\Boot::runCodeIgniter(Object(CodeIgniter\CodeIgniter))
10 FCPATH\index.php(59): CodeIgniter\Boot::bootWeb(Object(Config\Paths))
DEBUG - 2026-07-25 16:21:38 --> Session: Class initialized using 'CodeIgniter\Session\Handlers\FileHandler' driver.
CRITICAL - 2026-07-25 16:21:38 --> Error: Call to undefined function validation_show_error()
[Method: GET, Route: buku/create]
in APPPATH\Views\buku\create.php on line 17.
 1 SYSTEMPATH\View\View.php(240): include()
 2 SYSTEMPATH\View\View.php(243): CodeIgniter\View\View->CodeIgniter\View\{closure}()
 3 SYSTEMPATH\Common.php(1250): CodeIgniter\View\View->render('buku/create', [], true)
 4 APPPATH\Controllers\Buku.php(18): view('buku/create')
 5 SYSTEMPATH\CodeIgniter.php(951): App\Controllers\Buku->create()
 6 SYSTEMPATH\CodeIgniter.php(497): CodeIgniter\CodeIgniter->runController(Object(App\Controllers\Buku))
 7 SYSTEMPATH\CodeIgniter.php(340): CodeIgniter\CodeIgniter->handleRequest(null, Object(Config\Cache), false)
 8 SYSTEMPATH\Boot.php(417): CodeIgniter\CodeIgniter->run()
 9 SYSTEMPATH\Boot.php(68): CodeIgniter\Boot::runCodeIgniter(Object(CodeIgniter\CodeIgniter))
10 FCPATH\index.php(59): CodeIgniter\Boot::bootWeb(Object(Config\Paths))
DEBUG - 2026-07-25 16:21:38 --> Session: Class initialized using 'CodeIgniter\Session\Handlers\FileHandler' driver.
CRITICAL - 2026-07-25 16:21:38 --> Error: Call to undefined function validation_show_error()
[Method: GET, Route: buku/create]
in APPPATH\Views\buku\create.php on line 17.
 1 SYSTEMPATH\View\View.php(240): include()
 2 SYSTEMPATH\View\View.php(243): CodeIgniter\View\View->CodeIgniter\View\{closure}()
 3 SYSTEMPATH\Common.php(1250): CodeIgniter\View\View->render('buku/create', [], true)
 4 APPPATH\Controllers\Buku.php(18): view('buku/create')
 5 SYSTEMPATH\CodeIgniter.php(951): App\Controllers\Buku->create()
 6 SYSTEMPATH\CodeIgniter.php(497): CodeIgniter\CodeIgniter->runController(Object(App\Controllers\Buku))
 7 SYSTEMPATH\CodeIgniter.php(340): CodeIgniter\CodeIgniter->handleRequest(null, Object(Config\Cache), false)
 8 SYSTEMPATH\Boot.php(417): CodeIgniter\CodeIgniter->run()
 9 SYSTEMPATH\Boot.php(68): CodeIgniter\Boot::runCodeIgniter(Object(CodeIgniter\CodeIgniter))
10 FCPATH\index.php(59): CodeIgniter\Boot::bootWeb(Object(Config\Paths))
DEBUG - 2026-07-25 16:21:38 --> Session: Class initialized using 'CodeIgniter\Session\Handlers\FileHandler' driver.
CRITICAL - 2026-07-25 16:21:38 --> Error: Call to undefined function validation_show_error()
[Method: GET, Route: buku/create]
in APPPATH\Views\buku\create.php on line 17.
 1 SYSTEMPATH\View\View.php(240): include()
 2 SYSTEMPATH\View\View.php(243): CodeIgniter\View\View->CodeIgniter\View\{closure}()
 3 SYSTEMPATH\Common.php(1250): CodeIgniter\View\View->render('buku/create', [], true)
 4 APPPATH\Controllers\Buku.php(18): view('buku/create')
 5 SYSTEMPATH\CodeIgniter.php(951): App\Controllers\Buku->create()
 6 SYSTEMPATH\CodeIgniter.php(497): CodeIgniter\CodeIgniter->runController(Object(App\Controllers\Buku))
 7 SYSTEMPATH\CodeIgniter.php(340): CodeIgniter\CodeIgniter->handleRequest(null, Object(Config\Cache), false)
 8 SYSTEMPATH\Boot.php(417): CodeIgniter\CodeIgniter->run()
 9 SYSTEMPATH\Boot.php(68): CodeIgniter\Boot::runCodeIgniter(Object(CodeIgniter\CodeIgniter))
10 FCPATH\index.php(59): CodeIgniter\Boot::bootWeb(Object(Config\Paths))
DEBUG - 2026-07-25 16:21:38 --> Session: Class initialized using 'CodeIgniter\Session\Handlers\FileHandler' driver.
CRITICAL - 2026-07-25 16:21:38 --> Error: Call to undefined function validation_show_error()
[Method: GET, Route: buku/create]
in APPPATH\Views\buku\create.php on line 17.
 1 SYSTEMPATH\View\View.php(240): include()
 2 SYSTEMPATH\View\View.php(243): CodeIgniter\View\View->CodeIgniter\View\{closure}()
 3 SYSTEMPATH\Common.php(1250): CodeIgniter\View\View->render('buku/create', [], true)
 4 APPPATH\Controllers\Buku.php(18): view('buku/create')
 5 SYSTEMPATH\CodeIgniter.php(951): App\Controllers\Buku->create()
 6 SYSTEMPATH\CodeIgniter.php(497): CodeIgniter\CodeIgniter->runController(Object(App\Controllers\Buku))
 7 SYSTEMPATH\CodeIgniter.php(340): CodeIgniter\CodeIgniter->handleRequest(null, Object(Config\Cache), false)
 8 SYSTEMPATH\Boot.php(417): CodeIgniter\CodeIgniter->run()
 9 SYSTEMPATH\Boot.php(68): CodeIgniter\Boot::runCodeIgniter(Object(CodeIgniter\CodeIgniter))
10 FCPATH\index.php(59): CodeIgniter\Boot::bootWeb(Object(Config\Paths))
DEBUG - 2026-07-25 16:21:39 --> Session: Class initialized using 'CodeIgniter\Session\Handlers\FileHandler' driver.
CRITICAL - 2026-07-25 16:21:39 --> Error: Call to undefined function validation_show_error()
[Method: GET, Route: buku/create]
in APPPATH\Views\buku\create.php on line 17.
 1 SYSTEMPATH\View\View.php(240): include()
 2 SYSTEMPATH\View\View.php(243): CodeIgniter\View\View->CodeIgniter\View\{closure}()
 3 SYSTEMPATH\Common.php(1250): CodeIgniter\View\View->render('buku/create', [], true)
 4 APPPATH\Controllers\Buku.php(18): view('buku/create')
 5 SYSTEMPATH\CodeIgniter.php(951): App\Controllers\Buku->create()
 6 SYSTEMPATH\CodeIgniter.php(497): CodeIgniter\CodeIgniter->runController(Object(App\Controllers\Buku))
 7 SYSTEMPATH\CodeIgniter.php(340): CodeIgniter\CodeIgniter->handleRequest(null, Object(Config\Cache), false)
 8 SYSTEMPATH\Boot.php(417): CodeIgniter\CodeIgniter->run()
 9 SYSTEMPATH\Boot.php(68): CodeIgniter\Boot::runCodeIgniter(Object(CodeIgniter\CodeIgniter))
10 FCPATH\index.php(59): CodeIgniter\Boot::bootWeb(Object(Config\Paths))
DEBUG - 2026-07-25 16:21:51 --> Session: Class initialized using 'CodeIgniter\Session\Handlers\FileHandler' driver.
CRITICAL - 2026-07-25 16:21:51 --> Error: Call to undefined function validation_show_error()
[Method: GET, Route: buku/create]
in APPPATH\Views\buku\create.php on line 17.
 1 SYSTEMPATH\View\View.php(240): include()
 2 SYSTEMPATH\View\View.php(243): CodeIgniter\View\View->CodeIgniter\View\{closure}()
 3 SYSTEMPATH\Common.php(1250): CodeIgniter\View\View->render('buku/create', [], true)
 4 APPPATH\Controllers\Buku.php(18): view('buku/create')
 5 SYSTEMPATH\CodeIgniter.php(951): App\Controllers\Buku->create()
 6 SYSTEMPATH\CodeIgniter.php(497): CodeIgniter\CodeIgniter->runController(Object(App\Controllers\Buku))
 7 SYSTEMPATH\CodeIgniter.php(340): CodeIgniter\CodeIgniter->handleRequest(null, Object(Config\Cache), false)
 8 SYSTEMPATH\Boot.php(417): CodeIgniter\CodeIgniter->run()
 9 SYSTEMPATH\Boot.php(68): CodeIgniter\Boot::runCodeIgniter(Object(CodeIgniter\CodeIgniter))
10 FCPATH\index.php(59): CodeIgniter\Boot::bootWeb(Object(Config\Paths))
DEBUG - 2026-07-25 16:23:45 --> Session: Class initialized using 'CodeIgniter\Session\Handlers\FileHandler' driver.
DEBUG - 2026-07-25 16:25:03 --> Session: Class initialized using 'CodeIgniter\Session\Handlers\FileHandler' driver.
DEBUG - 2026-07-25 16:25:32 --> Session: Class initialized using 'CodeIgniter\Session\Handlers\FileHandler' driver.
DEBUG - 2026-07-25 16:25:34 --> Session: Class initialized using 'CodeIgniter\Session\Handlers\FileHandler' driver.
DEBUG - 2026-07-25 16:25:57 --> Session: Class initialized using 'CodeIgniter\Session\Handlers\FileHandler' driver.
DEBUG - 2026-07-25 16:25:57 --> Session: Class initialized using 'CodeIgniter\Session\Handlers\FileHandler' driver.
DEBUG - 2026-07-25 16:28:18 --> Session: Class initialized using 'CodeIgniter\Session\Handlers\FileHandler' driver.
DEBUG - 2026-07-25 16:28:19 --> Session: Class initialized using 'CodeIgniter\Session\Handlers\FileHandler' driver.
DEBUG - 2026-07-25 16:29:10 --> Session: Class initialized using 'CodeIgniter\Session\Handlers\FileHandler' driver.
DEBUG - 2026-07-25 16:29:22 --> Session: Class initialized using 'CodeIgniter\Session\Handlers\FileHandler' driver.
DEBUG - 2026-07-25 16:29:22 --> Session: Class initialized using 'CodeIgniter\Session\Handlers\FileHandler' driver.
DEBUG - 2026-07-25 16:30:11 --> Session: Class initialized using 'CodeIgniter\Session\Handlers\FileHandler' driver.
DEBUG - 2026-07-25 16:30:11 --> Session: Class initialized using 'CodeIgniter\Session\Handlers\FileHandler' driver.
DEBUG - 2026-07-25 16:31:04 --> Session: Class initialized using 'CodeIgniter\Session\Handlers\FileHandler' driver.
DEBUG - 2026-07-25 16:31:04 --> Session: Class initialized using 'CodeIgniter\Session\Handlers\FileHandler' driver.
DEBUG - 2026-07-25 16:31:06 --> Session: Class initialized using 'CodeIgniter\Session\Handlers\FileHandler' driver.
DEBUG - 2026-07-25 16:31:06 --> Session: Class initialized using 'CodeIgniter\Session\Handlers\FileHandler' driver.
DEBUG - 2026-07-25 16:31:06 --> Session: Class initialized using 'CodeIgniter\Session\Handlers\FileHandler' driver.
DEBUG - 2026-07-25 16:31:06 --> Session: Class initialized using 'CodeIgniter\Session\Handlers\FileHandler' driver.
DEBUG - 2026-07-25 16:31:07 --> Session: Class initialized using 'CodeIgniter\Session\Handlers\FileHandler' driver.
DEBUG - 2026-07-25 16:31:07 --> Session: Class initialized using 'CodeIgniter\Session\Handlers\FileHandler' driver.
DEBUG - 2026-07-25 16:31:07 --> Session: Class initialized using 'CodeIgniter\Session\Handlers\FileHandler' driver.
DEBUG - 2026-07-25 16:31:07 --> Session: Class initialized using 'CodeIgniter\Session\Handlers\FileHandler' driver.
DEBUG - 2026-07-25 16:31:07 --> Session: Class initialized using 'CodeIgniter\Session\Handlers\FileHandler' driver.
DEBUG - 2026-07-25 16:31:07 --> Session: Class initialized using 'CodeIgniter\Session\Handlers\FileHandler' driver.
DEBUG - 2026-07-25 16:31:29 --> Session: Class initialized using 'CodeIgniter\Session\Handlers\FileHandler' driver.
DEBUG - 2026-07-25 16:31:29 --> Session: Class initialized using 'CodeIgniter\Session\Handlers\FileHandler' driver.
DEBUG - 2026-07-25 16:38:17 --> Session: Class initialized using 'CodeIgniter\Session\Handlers\FileHandler' driver.
DEBUG - 2026-07-25 16:38:17 --> Session: Class initialized using 'CodeIgniter\Session\Handlers\FileHandler' driver.
DEBUG - 2026-07-25 16:40:15 --> Session: Class initialized using 'CodeIgniter\Session\Handlers\FileHandler' driver.
DEBUG - 2026-07-25 16:40:15 --> Session: Class initialized using 'CodeIgniter\Session\Handlers\FileHandler' driver.
DEBUG - 2026-07-25 16:47:08 --> Session: Class initialized using 'CodeIgniter\Session\Handlers\FileHandler' driver.
DEBUG - 2026-07-25 16:47:11 --> Session: Class initialized using 'CodeIgniter\Session\Handlers\FileHandler' driver.
DEBUG - 2026-07-25 16:47:11 --> Session: Class initialized using 'CodeIgniter\Session\Handlers\FileHandler' driver.
DEBUG - 2026-07-25 16:47:23 --> Session: Class initialized using 'CodeIgniter\Session\Handlers\FileHandler' driver.
DEBUG - 2026-07-25 16:47:41 --> Session: Class initialized using 'CodeIgniter\Session\Handlers\FileHandler' driver.
DEBUG - 2026-07-25 16:47:42 --> Session: Class initialized using 'CodeIgniter\Session\Handlers\FileHandler' driver.
DEBUG - 2026-07-25 16:47:54 --> Session: Class initialized using 'CodeIgniter\Session\Handlers\FileHandler' driver.
DEBUG - 2026-07-25 16:47:54 --> Session: Class initialized using 'CodeIgniter\Session\Handlers\FileHandler' driver.
DEBUG - 2026-07-25 16:47:58 --> Session: Class initialized using 'CodeIgniter\Session\Handlers\FileHandler' driver.
DEBUG - 2026-07-25 16:47:58 --> Session: Class initialized using 'CodeIgniter\Session\Handlers\FileHandler' driver.
DEBUG - 2026-07-25 16:50:51 --> Session: Class initialized using 'CodeIgniter\Session\Handlers\FileHandler' driver.
DEBUG - 2026-07-25 16:50:54 --> Session: Class initialized using 'CodeIgniter\Session\Handlers\FileHandler' driver.
DEBUG - 2026-07-25 16:50:54 --> Session: Class initialized using 'CodeIgniter\Session\Handlers\FileHandler' driver.
DEBUG - 2026-07-25 16:54:54 --> Session: Class initialized using 'CodeIgniter\Session\Handlers\FileHandler' driver.
DEBUG - 2026-07-25 16:55:18 --> Session: Class initialized using 'CodeIgniter\Session\Handlers\FileHandler' driver.
DEBUG - 2026-07-25 16:55:19 --> Session: Class initialized using 'CodeIgniter\Session\Handlers\FileHandler' driver.
DEBUG - 2026-07-25 16:55:19 --> Session: Class initialized using 'CodeIgniter\Session\Handlers\FileHandler' driver.
DEBUG - 2026-07-25 17:50:08 --> Session: Class initialized using 'CodeIgniter\Session\Handlers\FileHandler' driver.
DEBUG - 2026-07-25 17:51:20 --> Session: Class initialized using 'CodeIgniter\Session\Handlers\FileHandler' driver.
DEBUG - 2026-07-25 17:51:20 --> Session: Class initialized using 'CodeIgniter\Session\Handlers\FileHandler' driver.
DEBUG - 2026-07-25 18:23:42 --> Session: Class initialized using 'CodeIgniter\Session\Handlers\FileHandler' driver.
DEBUG - 2026-07-25 18:23:45 --> Session: Class initialized using 'CodeIgniter\Session\Handlers\FileHandler' driver.
CRITICAL - 2026-07-25 18:23:49 --> CodeIgniter\HTTP\Exceptions\HTTPException: The original file is not a valid file.
[Method: POST, Route: buku/store]
in SYSTEMPATH\HTTP\Files\UploadedFile.php on line 142.
 1 SYSTEMPATH\HTTP\Files\UploadedFile.php(142): CodeIgniter\HTTP\Exceptions\HTTPException::forInvalidFile()
 2 APPPATH\Controllers\Buku.php(25): CodeIgniter\HTTP\Files\UploadedFile->move('uploads/', '1785003829_0870bcb4e4c4cd5e762d')
 3 SYSTEMPATH\CodeIgniter.php(951): App\Controllers\Buku->store()
 4 SYSTEMPATH\CodeIgniter.php(497): CodeIgniter\CodeIgniter->runController(Object(App\Controllers\Buku))
 5 SYSTEMPATH\CodeIgniter.php(340): CodeIgniter\CodeIgniter->handleRequest(null, Object(Config\Cache), false)
 6 SYSTEMPATH\Boot.php(417): CodeIgniter\CodeIgniter->run()
 7 SYSTEMPATH\Boot.php(68): CodeIgniter\Boot::runCodeIgniter(Object(CodeIgniter\CodeIgniter))
 8 FCPATH\index.php(59): CodeIgniter\Boot::bootWeb(Object(Config\Paths))
DEBUG - 2026-07-25 18:30:20 --> Session: Class initialized using 'CodeIgniter\Session\Handlers\FileHandler' driver.
DEBUG - 2026-07-25 18:30:20 --> Session: Class initialized using 'CodeIgniter\Session\Handlers\FileHandler' driver.
DEBUG - 2026-07-25 18:30:41 --> Session: Class initialized using 'CodeIgniter\Session\Handlers\FileHandler' driver.
DEBUG - 2026-07-25 18:30:42 --> Session: Class initialized using 'CodeIgniter\Session\Handlers\FileHandler' driver.
DEBUG - 2026-07-25 18:30:55 --> Session: Class initialized using 'CodeIgniter\Session\Handlers\FileHandler' driver.
DEBUG - 2026-07-25 18:30:55 --> Session: Class initialized using 'CodeIgniter\Session\Handlers\FileHandler' driver.
DEBUG - 2026-07-25 18:31:13 --> Session: Class initialized using 'CodeIgniter\Session\Handlers\FileHandler' driver.
DEBUG - 2026-07-25 18:31:13 --> Session: Class initialized using 'CodeIgniter\Session\Handlers\FileHandler' driver.
DEBUG - 2026-07-25 18:39:24 --> Session: Class initialized using 'CodeIgniter\Session\Handlers\FileHandler' driver.
DEBUG - 2026-07-25 18:39:27 --> Session: Class initialized using 'CodeIgniter\Session\Handlers\FileHandler' driver.
DEBUG - 2026-07-25 18:39:28 --> Session: Class initialized using 'CodeIgniter\Session\Handlers\FileHandler' driver.
DEBUG - 2026-07-25 18:39:29 --> Session: Class initialized using 'CodeIgniter\Session\Handlers\FileHandler' driver.
DEBUG - 2026-07-25 18:39:29 --> Session: Class initialized using 'CodeIgniter\Session\Handlers\FileHandler' driver.
DEBUG - 2026-07-25 18:39:29 --> Session: Class initialized using 'CodeIgniter\Session\Handlers\FileHandler' driver.
DEBUG - 2026-07-25 18:39:30 --> Session: Class initialized using 'CodeIgniter\Session\Handlers\FileHandler' driver.
DEBUG - 2026-07-25 18:39:30 --> Session: Class initialized using 'CodeIgniter\Session\Handlers\FileHandler' driver.
CRITICAL - 2026-07-25 18:39:30 --> ErrorException: Undefined array key "cover"
[Method: GET, Route: buku]
in APPPATH\Views\buku\index.php on line 32.
 1 APPPATH\Views\buku\index.php(32): CodeIgniter\Debug\Exceptions->errorHandler(2, 'Undefined array key "cover"', 'D:\\code\\htdocs-xampp\\lat2\\app\\Views\\buku\\index.php', 32)
 2 SYSTEMPATH\View\View.php(240): include('D:\\code\\htdocs-xampp\\lat2\\app\\Views\\buku\\index.php')
 3 SYSTEMPATH\View\View.php(243): CodeIgniter\View\View->CodeIgniter\View\{closure}()
 4 SYSTEMPATH\Common.php(1250): CodeIgniter\View\View->render('buku/index', [], true)
 5 APPPATH\Controllers\Buku.php(13): view('buku/index', [...])
 6 SYSTEMPATH\CodeIgniter.php(951): App\Controllers\Buku->index()
 7 SYSTEMPATH\CodeIgniter.php(497): CodeIgniter\CodeIgniter->runController(Object(App\Controllers\Buku))
 8 SYSTEMPATH\CodeIgniter.php(340): CodeIgniter\CodeIgniter->handleRequest(null, Object(Config\Cache), false)
 9 SYSTEMPATH\Boot.php(417): CodeIgniter\CodeIgniter->run()
10 SYSTEMPATH\Boot.php(68): CodeIgniter\Boot::runCodeIgniter(Object(CodeIgniter\CodeIgniter))
11 FCPATH\index.php(59): CodeIgniter\Boot::bootWeb(Object(Config\Paths))
DEBUG - 2026-07-25 18:39:31 --> Session: Class initialized using 'CodeIgniter\Session\Handlers\FileHandler' driver.
CRITICAL - 2026-07-25 18:39:31 --> ErrorException: Undefined array key "cover"
[Method: GET, Route: buku]
in APPPATH\Views\buku\index.php on line 32.
 1 APPPATH\Views\buku\index.php(32): CodeIgniter\Debug\Exceptions->errorHandler(2, 'Undefined array key "cover"', 'D:\\code\\htdocs-xampp\\lat2\\app\\Views\\buku\\index.php', 32)
 2 SYSTEMPATH\View\View.php(240): include('D:\\code\\htdocs-xampp\\lat2\\app\\Views\\buku\\index.php')
 3 SYSTEMPATH\View\View.php(243): CodeIgniter\View\View->CodeIgniter\View\{closure}()
 4 SYSTEMPATH\Common.php(1250): CodeIgniter\View\View->render('buku/index', [], true)
 5 APPPATH\Controllers\Buku.php(13): view('buku/index', [...])
 6 SYSTEMPATH\CodeIgniter.php(951): App\Controllers\Buku->index()
 7 SYSTEMPATH\CodeIgniter.php(497): CodeIgniter\CodeIgniter->runController(Object(App\Controllers\Buku))
 8 SYSTEMPATH\CodeIgniter.php(340): CodeIgniter\CodeIgniter->handleRequest(null, Object(Config\Cache), false)
 9 SYSTEMPATH\Boot.php(417): CodeIgniter\CodeIgniter->run()
10 SYSTEMPATH\Boot.php(68): CodeIgniter\Boot::runCodeIgniter(Object(CodeIgniter\CodeIgniter))
11 FCPATH\index.php(59): CodeIgniter\Boot::bootWeb(Object(Config\Paths))
CRITICAL - 2026-07-25 18:39:31 --> ErrorException: Trying to access array offset on value of type null
[Method: GET, Route: buku/edit/7]
in APPPATH\Views\buku\edit.php on line 12.
 1 APPPATH\Views\buku\edit.php(12): CodeIgniter\Debug\Exceptions->errorHandler(2, 'Trying to access array offset on value of type null', 'D:\\code\\htdocs-xampp\\lat2\\app\\Views\\buku\\edit.php', 12)
 2 SYSTEMPATH\View\View.php(240): include('D:\\code\\htdocs-xampp\\lat2\\app\\Views\\buku\\edit.php')
 3 SYSTEMPATH\View\View.php(243): CodeIgniter\View\View->CodeIgniter\View\{closure}()
 4 SYSTEMPATH\Common.php(1250): CodeIgniter\View\View->render('buku/edit', [], true)
 5 APPPATH\Controllers\Buku.php(88): view('buku/edit', [...])
 6 SYSTEMPATH\CodeIgniter.php(951): App\Controllers\Buku->edit('7')
 7 SYSTEMPATH\CodeIgniter.php(497): CodeIgniter\CodeIgniter->runController(Object(App\Controllers\Buku))
 8 SYSTEMPATH\CodeIgniter.php(340): CodeIgniter\CodeIgniter->handleRequest(null, Object(Config\Cache), false)
 9 SYSTEMPATH\Boot.php(417): CodeIgniter\CodeIgniter->run()
10 SYSTEMPATH\Boot.php(68): CodeIgniter\Boot::runCodeIgniter(Object(CodeIgniter\CodeIgniter))
11 FCPATH\index.php(59): CodeIgniter\Boot::bootWeb(Object(Config\Paths))
DEBUG - 2026-07-25 18:39:36 --> Session: Class initialized using 'CodeIgniter\Session\Handlers\FileHandler' driver.
CRITICAL - 2026-07-25 18:39:36 --> ErrorException: Undefined array key "cover"
[Method: GET, Route: buku]
in APPPATH\Views\buku\index.php on line 32.
 1 APPPATH\Views\buku\index.php(32): CodeIgniter\Debug\Exceptions->errorHandler(2, 'Undefined array key "cover"', 'D:\\code\\htdocs-xampp\\lat2\\app\\Views\\buku\\index.php', 32)
 2 SYSTEMPATH\View\View.php(240): include('D:\\code\\htdocs-xampp\\lat2\\app\\Views\\buku\\index.php')
 3 SYSTEMPATH\View\View.php(243): CodeIgniter\View\View->CodeIgniter\View\{closure}()
 4 SYSTEMPATH\Common.php(1250): CodeIgniter\View\View->render('buku/index', [], true)
 5 APPPATH\Controllers\Buku.php(13): view('buku/index', [...])
 6 SYSTEMPATH\CodeIgniter.php(951): App\Controllers\Buku->index()
 7 SYSTEMPATH\CodeIgniter.php(497): CodeIgniter\CodeIgniter->runController(Object(App\Controllers\Buku))
 8 SYSTEMPATH\CodeIgniter.php(340): CodeIgniter\CodeIgniter->handleRequest(null, Object(Config\Cache), false)
 9 SYSTEMPATH\Boot.php(417): CodeIgniter\CodeIgniter->run()
10 SYSTEMPATH\Boot.php(68): CodeIgniter\Boot::runCodeIgniter(Object(CodeIgniter\CodeIgniter))
11 FCPATH\index.php(59): CodeIgniter\Boot::bootWeb(Object(Config\Paths))
DEBUG - 2026-07-25 18:39:57 --> Session: Class initialized using 'CodeIgniter\Session\Handlers\FileHandler' driver.
DEBUG - 2026-07-25 18:41:44 --> Session: Class initialized using 'CodeIgniter\Session\Handlers\FileHandler' driver.
DEBUG - 2026-07-25 18:42:20 --> Session: Class initialized using 'CodeIgniter\Session\Handlers\FileHandler' driver.
DEBUG - 2026-07-25 18:42:20 --> Session: Class initialized using 'CodeIgniter\Session\Handlers\FileHandler' driver.
